flight_id,timestamp,lat,lon,alt,gspeed,vspeed,track,squawk,callsign,source,heading
3b86ff46,1754058393,40.52265,22.97603,0.0,2.0,0.0,39.0,0,AIZ224,ADSB,0.0
3b86ff46,1754058419,40.52243,22.97586,0.0,2.0,0.0,70.0,0,AIZ224,ADSB,0.0
3b86ff46,1754058451,40.52236,22.97566,0.0,1.0,0.0,135.0,0,AIZ224,ADSB,0.0
3b86ff46,1754058642,40.52221,22.97588,0.0,5.0,0.0,135.0,7436,AIZ224,ADSB,0.0
3b86ff46,1754058651,40.52202,22.9761,0.0,7.0,0.0,137.0,7436,AIZ224,ADSB,0.0
3b86ff46,1754058657,40.5218,22.97632,0.0,9.0,0.0,146.0,7436,AIZ224,ADSB,0.0
3b86ff46,1754058666,40.52147,22.97659,0.0,11.0,0.0,146.0,7436,AIZ224,ADSB,0.0
3b86ff46,1754058670,40.52126,22.97683,0.0,12.0,0.0,140.0,7436,AIZ224,ADSB,0.0
3b86ff46,1754058683,40.52063,22.97763,0.0,16.0,0.0,135.0,7436,AIZ224,ADSB,0.0
3b86ff46,1754058687,40.52047,22.97784,0.0,16.0,0.0,135.0,7436,AIZ224,ADSB,0.0
3b86ff46,1754058690,40.52026,22.97811,0.0,15.0,0.0,135.0,7436,AIZ224,ADSB,0.0
3b86ff46,1754058697,40.52005,22.97841,0.0,10.0,0.0,126.0,7436,AIZ224,ADSB,0.0
3b86ff46,1754058700,40.51997,22.97867,0.0,11.0,0.0,112.0,7436,AIZ224,ADSB,0.0
3b86ff46,1754058705,40.51992,22.97895,0.0,12.0,0.0,104.0,7436,AIZ224,ADSB,0.0
3b86ff46,1754058708,40.51987,22.97922,0.0,12.0,0.0,104.0,7436,AIZ224,ADSB,0.0
3b86ff46,1754058713,40.51981,22.97954,0.0,13.0,0.0,104.0,7436,AIZ224,ADSB,0.0
3b86ff46,1754058715,40.51977,22.97976,0.0,14.0,0.0,104.0,7436,AIZ224,ADSB,0.0
3b86ff46,1754058718,40.51973,22.97998,0.0,14.0,0.0,104.0,7436,AIZ224,ADSB,0.0
3b86ff46,1754058722,40.51966,22.98029,0.0,14.0,0.0,104.0,7436,AIZ224,ADSB,0.0
3b86ff46,1754058725,40.5196,22.98062,0.0,15.0,0.0,104.0,7436,AIZ224,ADSB,0.0
3b86ff46,1754058728,40.51955,22.98093,0.0,15.0,0.0,104.0,7436,AIZ224,ADSB,0.0
3b86ff46,1754058735,40.51943,22.98153,0.0,15.0,0.0,104.0,7436,AIZ224,ADSB,0.0
3b86ff46,1754058743,40.51929,22.98228,0.0,17.0,0.0,104.0,7436,AIZ224,ADSB,0.0
3b86ff46,1754058749,40.51915,22.98304,0.0,18.0,0.0,104.0,7436,AIZ224,ADSB,0.0
3b86ff46,1754058758,40.51896,22.98399,0.0,20.0,0.0,104.0,7436,AIZ224,ADSB,0.0
3b86ff46,1754058767,40.51879,22.98492,0.0,16.0,0.0,104.0,7436,AIZ224,ADSB,0.0
3b86ff46,1754058775,40.51868,22.98552,0.0,11.0,0.0,101.0,7436,AIZ224,ADSB,0.0
3b86ff46,1754058783,40.5186,22.98594,0.0,9.0,0.0,104.0,7436,AIZ224,ADSB,0.0
3b86ff46,1754058789,40.51853,22.9863,0.0,9.0,0.0,104.0,7436,AIZ224,ADSB,0.0
3b86ff46,1754058796,40.51847,22.98662,0.0,9.0,0.0,104.0,7436,AIZ224,ADSB,0.0
3b86ff46,1754058802,40.51834,22.98695,0.0,9.0,0.0,123.0,7436,AIZ224,ADSB,0.0
3b86ff46,1754058810,40.51811,22.98707,0.0,7.0,0.0,160.0,7436,AIZ224,ADSB,0.0
3b86ff46,1754058817,40.51783,22.987,0.0,9.0,0.0,191.0,7436,AIZ224,ADSB,0.0
3b86ff46,1754058824,40.51756,22.98692,0.0,11.0,0.0,194.0,7436,AIZ224,ADSB,0.0
3b86ff46,1754058827,40.51732,22.98685,0.0,12.0,0.0,194.0,7436,AIZ224,ADSB,0.0
3b86ff46,1754058833,40.51705,22.98676,0.0,11.0,0.0,194.0,7436,AIZ224,ADSB,0.0
3b86ff46,1754058838,40.51685,22.98669,0.0,7.0,0.0,194.0,7436,AIZ224,ADSB,0.0
3b86ff46,1754058852,40.51676,22.98649,0.0,3.0,0.0,244.0,7436,AIZ224,ADSB,0.0
3b86ff46,1754058980,40.51685,22.98629,0.0,0.0,0.0,284.0,7436,AIZ224,ADSB,0.0
3b86ff46,1754058986,40.51703,22.98531,0.0,32.0,0.0,284.0,7436,AIZ224,ADSB,0.0
3b86ff46,1754058994,40.51744,22.98306,0.0,65.0,0.0,284.0,7436,AIZ224,ADSB,0.0
3b86ff46,1754059001,40.51822,22.979,150.0,95.0,64.0,283.0,7436,AIZ224,ADSB,0.0
3b86ff46,1754059010,40.51939,22.97285,125.0,131.0,0.0,283.0,7436,AIZ224,ADSB,0.0
3b86ff46,1754059017,40.52074,22.96558,175.0,155.0,1536.0,283.0,7436,AIZ224,ADSB,0.0
3b86ff46,1754059027,40.52225,22.95728,500.0,153.0,2496.0,283.0,7436,AIZ224,ADSB,0.0
3b86ff46,1754059036,40.52371,22.94904,900.0,151.0,2496.0,283.0,7436,AIZ224,ADSB,0.0
3b86ff46,1754059044,40.52495,22.94238,1200.0,150.0,2432.0,283.0,7436,AIZ224,ADSB,0.0
3b86ff46,1754059050,40.52591,22.93727,1450.0,146.0,2176.0,283.0,7436,AIZ224,ADSB,0.0
3b86ff46,1754059059,40.5274,22.92922,1725.0,145.0,1408.0,283.0,7436,AIZ224,ADSB,0.0
3b86ff46,1754059068,40.52884,22.92148,1950.0,148.0,1408.0,283.0,7436,AIZ224,ADSB,0.0
3b86ff46,1754059077,40.53029,22.91361,2175.0,150.0,1472.0,283.0,7436,AIZ224,ADSB,0.0
3b86ff46,1754059086,40.53182,22.90537,2400.0,153.0,1344.0,283.0,7436,AIZ224,ADSB,0.0
3b86ff46,1754059093,40.53314,22.89807,2600.0,155.0,1344.0,282.0,7436,AIZ224,ADSB,0.0
3b86ff46,1754059096,40.53345,22.89538,2650.0,158.0,1280.0,278.0,7436,AIZ224,ADSB,0.0
3b86ff46,1754059100,40.5335,22.89282,2700.0,160.0,1408.0,272.0,7436,AIZ224,ADSB,0.0
3b86ff46,1754059103,40.53319,22.88947,2800.0,159.0,1600.0,263.0,7436,AIZ224,ADSB,0.0
3b86ff46,1754059106,40.53255,22.88666,2875.0,160.0,1536.0,255.0,7436,AIZ224,ADSB,0.0
3b86ff46,1754059109,40.53159,22.88397,2950.0,160.0,1472.0,246.0,7436,AIZ224,ADSB,0.0
3b86ff46,1754059112,40.53033,22.88159,3025.0,160.0,1408.0,237.0,7436,AIZ224,ADSB,0.0
3b86ff46,1754059115,40.52884,22.8794,3100.0,160.0,1408.0,229.0,7436,AIZ224,ADSB,0.0
3b86ff46,1754059118,40.52707,22.87753,3175.0,160.0,1472.0,220.0,7436,AIZ224,ADSB,0.0
3b86ff46,1754059121,40.52517,22.87609,3225.0,160.0,1344.0,212.0,7436,AIZ224,ADSB,0.0
3b86ff46,1754059124,40.52312,22.875,3275.0,162.0,896.0,204.0,7436,AIZ224,ADSB,0.0
3b86ff46,1754059127,40.52074,22.87408,3325.0,165.0,832.0,197.0,7436,AIZ224,ADSB,0.0
3b86ff46,1754059130,40.51823,22.87341,3375.0,170.0,896.0,191.0,7436,AIZ224,ADSB,0.0
3b86ff46,1754059133,40.51581,22.87291,3425.0,174.0,1024.0,189.0,7436,AIZ224,ADSB,0.0
3b86ff46,1754059135,40.51396,22.87256,3475.0,176.0,960.0,188.0,7436,AIZ224,ADSB,0.0
3b86ff46,1754059139,40.51122,22.87213,3525.0,180.0,960.0,187.0,7436,AIZ224,ADSB,0.0
3b86ff46,1754059142,40.50878,22.87179,3575.0,184.0,960.0,186.0,7436,AIZ224,ADSB,0.0
3b86ff46,1754059145,40.50603,22.87148,3625.0,187.0,960.0,185.0,7436,AIZ224,ADSB,0.0
3b86ff46,1754059148,40.50361,22.87116,3650.0,191.0,1024.0,185.0,7436,AIZ224,ADSB,0.0
3b86ff46,1754059151,40.50054,22.87085,3725.0,194.0,1088.0,185.0,7436,AIZ224,ADSB,0.0
3b86ff46,1754059154,40.49799,22.87054,3775.0,198.0,1088.0,184.0,7436,AIZ224,ADSB,0.0
3b86ff46,1754059157,40.49547,22.8703,3825.0,202.0,1088.0,184.0,7436,AIZ224,ADSB,0.0
3b86ff46,1754059160,40.49231,22.87,3875.0,206.0,1024.0,184.0,7436,AIZ224,ADSB,0.0
3b86ff46,1754059163,40.48927,22.86967,3925.0,210.0,1024.0,184.0,7436,AIZ224,ADSB,0.0
3b86ff46,1754059172,40.48029,22.86879,4075.0,223.0,1024.0,184.0,7436,AIZ224,ADSB,0.0
3b86ff46,1754059181,40.47066,22.86786,4175.0,239.0,576.0,184.0,7436,AIZ224,ADSB,0.0
3b86ff46,1754059190,40.45995,22.86694,4350.0,255.0,1408.0,183.0,7436,AIZ224,ADSB,0.0
3b86ff46,1754059198,40.44933,22.86598,4550.0,269.0,1792.0,184.0,7436,AIZ224,ADSB,0.0
3b86ff46,1754059204,40.44118,22.86523,4775.0,276.0,2368.0,184.0,7436,AIZ224,ADSB,0.0
3b86ff46,1754059214,40.42918,22.86411,5200.0,282.0,3136.0,184.0,7436,AIZ224,ADSB,0.0
3b86ff46,1754059228,40.41055,22.86218,6000.0,284.0,3520.0,184.0,7436,AIZ224,ADSB,0.0
3b86ff46,1754059241,40.3933,22.8606,6775.0,285.0,3264.0,184.0,7436,AIZ224,ADSB,0.0
3b86ff46,1754059254,40.3755,22.85905,7500.0,288.0,3264.0,183.0,7436,AIZ224,ADSB,0.0
3b86ff46,1754059264,40.36228,22.85987,8025.0,288.0,3072.0,173.0,7436,AIZ224,ADSB,0.0
3b86ff46,1754059267,40.35864,22.86102,8175.0,289.0,3008.0,167.0,7436,AIZ224,ADSB,0.0
3b86ff46,1754059270,40.35585,22.86211,8275.0,289.0,2944.0,163.0,7436,AIZ224,ADSB,0.0
3b86ff46,1754059272,40.35292,22.86349,8375.0,290.0,2880.0,160.0,7436,AIZ224,ADSB,0.0
3b86ff46,1754059274,40.34972,22.86542,8500.0,291.0,2816.0,155.0,7436,AIZ224,ADSB,0.0
3b86ff46,1754059277,40.34622,22.86792,8650.0,292.0,2816.0,151.0,7436,AIZ224,ADSB,0.0
3b86ff46,1754059280,40.34322,22.8703,8775.0,293.0,2880.0,149.0,7436,AIZ224,ADSB,0.0
3b86ff46,1754059283,40.33983,22.87323,8925.0,295.0,2880.0,146.0,7436,AIZ224,ADSB,0.0
3b86ff46,1754059286,40.33575,22.87683,9100.0,296.0,2752.0,145.0,7436,AIZ224,ADSB,0.0
3b86ff46,1754059288,40.3336,22.87878,9175.0,296.0,2752.0,145.0,7436,AIZ224,ADSB,0.0
3b86ff46,1754059292,40.32976,22.88239,9350.0,297.0,2880.0,144.0,7436,AIZ224,ADSB,0.0
3b86ff46,1754059295,40.32634,22.88564,9500.0,298.0,3008.0,144.0,7436,AIZ224,ADSB,0.0
3b86ff46,1754059297,40.32367,22.88812,9625.0,298.0,3008.0,144.0,7436,AIZ224,ADSB,0.0
3b86ff46,1754059299,40.32143,22.89026,9700.0,299.0,3008.0,144.0,7436,AIZ224,ADSB,0.0
3b86ff46,1754059303,40.31735,22.8941,9900.0,299.0,2944.0,144.0,7436,AIZ224,ADSB,0.0
3b86ff46,1754059315,40.30348,22.90717,10425.0,305.0,1792.0,144.0,7436,AIZ224,ADSB,0.0
3b86ff46,1754059330,40.28593,22.92366,10725.0,321.0,960.0,144.0,7436,AIZ224,ADSB,0.0
3b86ff46,1754059345,40.26722,22.94108,10975.0,342.0,832.0,144.0,7436,AIZ224,ADSB,0.0
3b86ff46,1754059359,40.2479,22.95905,11275.0,356.0,1728.0,144.0,7436,AIZ224,ADSB,0.0
3b86ff46,1754059372,40.22974,22.97591,11775.0,362.0,2816.0,144.0,7436,AIZ224,ADSB,0.0
3b86ff46,1754059388,40.20917,22.99476,12600.0,359.0,3584.0,144.0,7436,AIZ224,ADSB,0.0
3b86ff46,1754059419,40.1662,23.03596,13925.0,365.0,2112.0,141.0,7436,AIZ224,ADSB,0.0
3b86ff46,1754059451,40.12519,23.08084,15150.0,373.0,1600.0,139.0,7436,AIZ224,ADSB,0.0
3b86ff46,1754059485,40.08003,23.13059,16325.0,380.0,2176.0,140.0,7436,AIZ224,ADSB,0.0
3b86ff46,1754059517,40.03511,23.17884,17450.0,386.0,1536.0,140.0,7436,AIZ224,ADSB,0.0
3b86ff46,1754059549,39.99107,23.2256,18475.0,392.0,2112.0,140.0,7436,AIZ224,ADSB,0.0
3b86ff46,1754059582,39.94427,23.27521,19525.0,398.0,1920.0,140.0,7436,AIZ224,ADSB,0.0
3b86ff46,1754059613,39.89941,23.32272,20525.0,402.0,1728.0,140.0,7436,AIZ224,ADSB,0.0
3b86ff46,1754059645,39.85239,23.3725,21275.0,412.0,1472.0,140.0,7436,AIZ224,ADSB,0.0
3b86ff46,1754059677,39.8058,23.42166,22200.0,415.0,1856.0,140.0,7436,AIZ224,ADSB,0.0
3b86ff46,1754059709,39.75663,23.47345,23000.0,422.0,1280.0,140.0,7436,AIZ224,ADSB,0.0
3b86ff46,1754059740,39.70848,23.524,23650.0,432.0,1344.0,141.0,7436,AIZ224,ADSB,0.0
3b86ff46,1754059773,39.65762,23.57727,24475.0,435.0,1280.0,141.0,7436,AIZ224,ADSB,0.0
3b86ff46,1754059807,39.6039,23.63348,25050.0,445.0,448.0,141.0,7436,AIZ224,ADSB,0.0
3b86ff46,1754059840,39.55092,23.68879,25625.0,453.0,1856.0,141.0,7436,AIZ224,ADSB,0.0
3b86ff46,1754059872,39.49757,23.74475,26275.0,456.0,832.0,140.0,7436,AIZ224,ADSB,0.0
3b86ff46,1754059903,39.44655,23.79794,26650.0,465.0,1216.0,141.0,7436,AIZ224,ADSB,0.0
3b86ff46,1754059934,39.39455,23.85181,27350.0,465.0,960.0,141.0,7436,AIZ224,ADSB,0.0
3b86ff46,1754059968,39.33701,23.91138,27825.0,471.0,896.0,141.0,7436,AIZ224,ADSB,0.0
3b86ff46,1754059999,39.28413,23.966,28350.0,474.0,960.0,141.0,7436,AIZ224,ADSB,0.0
3b86ff46,1754060031,39.22934,24.02252,28900.0,476.0,1152.0,141.0,7436,AIZ224,ADSB,0.0
3b86ff46,1754060063,39.17409,24.07946,29500.0,478.0,1024.0,141.0,7436,AIZ224,ADSB,0.0
3b86ff46,1754060094,39.1203,24.13475,30100.0,478.0,1408.0,141.0,7436,AIZ224,ADSB,0.0
3b86ff46,1754060125,39.06687,24.18964,30975.0,470.0,1536.0,141.0,7436,AIZ224,ADSB,0.0
3b86ff46,1754060157,39.01315,24.24451,31675.0,466.0,512.0,141.0,7436,AIZ224,ADSB,0.0
3b86ff46,1754060188,38.95948,24.29926,32125.0,469.0,1152.0,141.0,7436,AIZ224,ADSB,0.0
3b86ff46,1754060222,38.90356,24.35632,32700.0,468.0,704.0,141.0,7436,AIZ224,ADSB,0.0
3b86ff46,1754060252,38.85287,24.4078,33375.0,463.0,2176.0,141.0,7436,AIZ224,ADSB,0.0
3b86ff46,1754060283,38.80092,24.46063,34000.0,457.0,0.0,141.0,7436,AIZ224,ADSB,0.0
3b86ff46,1754060315,38.74747,24.51477,34275.0,461.0,704.0,141.0,7436,AIZ224,ADSB,0.0
3b86ff46,1754060348,38.69119,24.57152,34700.0,462.0,1152.0,141.0,7436,AIZ224,ADSB,0.0
3b86ff46,1754060379,38.63957,24.62366,35000.0,462.0,64.0,141.0,7436,AIZ224,ADSB,0.0
3b86ff46,1754060410,38.58799,24.67572,35000.0,460.0,0.0,141.0,7436,AIZ224,ADSB,0.0
3b86ff46,1754060441,38.53592,24.72808,35000.0,462.0,0.0,141.0,7436,AIZ224,ADSB,0.0
3b86ff46,1754060472,38.48446,24.77985,35000.0,463.0,0.0,141.0,7436,AIZ224,ADSB,0.0
3b86ff46,1754060506,38.42747,24.83722,35000.0,459.0,64.0,141.0,7436,AIZ224,ADSB,0.0
3b86ff46,1754060538,38.37369,24.89093,35000.0,457.0,-64.0,141.0,7436,AIZ224,ADSB,0.0
3b86ff46,1754060569,38.32204,24.94243,34975.0,457.0,-64.0,141.0,7436,AIZ224,ADSB,0.0
3b86ff46,1754060600,38.27147,24.99261,34950.0,456.0,64.0,141.0,7436,AIZ224,ADSB,0.0
3b86ff46,1754060631,38.21901,25.04474,34950.0,457.0,0.0,141.0,7436,AIZ224,ADSB,0.0
3b86ff46,1754060664,38.16357,25.09976,35025.0,457.0,64.0,141.0,7436,AIZ224,ADSB,0.0
3b86ff46,1754060696,38.11079,25.15209,35050.0,457.0,64.0,141.0,7436,AIZ224,ADSB,0.0
3b86ff46,1754060727,38.05925,25.2031,35050.0,456.0,0.0,141.0,7436,AIZ224,ADSB,0.0
3b86ff46,1754060760,38.00537,25.25634,35025.0,455.0,0.0,141.0,7436,AIZ224,ADSB,0.0
3b86ff46,1754060792,37.95081,25.3101,35025.0,456.0,0.0,142.0,7436,AIZ224,ADSB,0.0
3b86ff46,1754060824,37.89766,25.36223,35000.0,456.0,-64.0,142.0,7436,AIZ224,ADSB,0.0
3b86ff46,1754060857,37.84369,25.41523,35000.0,458.0,-64.0,142.0,7436,AIZ224,ADSB,0.0
3b86ff46,1754060888,37.79027,25.46759,34975.0,459.0,0.0,142.0,7436,AIZ224,ADSB,0.0
3b86ff46,1754060920,37.73627,25.52023,35000.0,460.0,0.0,142.0,7436,AIZ224,ADSB,0.0
3b86ff46,1754060951,37.68436,25.57092,35000.0,462.0,0.0,142.0,7436,AIZ224,ADSB,0.0
3b86ff46,1754060982,37.63194,25.62209,35025.0,463.0,64.0,142.0,7436,AIZ224,ADSB,0.0
3b86ff46,1754061013,37.5786,25.67382,35025.0,464.0,64.0,142.0,7436,AIZ224,ADSB,0.0
3b86ff46,1754061044,37.52674,25.72413,35050.0,463.0,-64.0,142.0,7436,AIZ224,ADSB,0.0
3b86ff46,1754061076,37.47227,25.77691,35050.0,461.0,0.0,142.0,7436,AIZ224,ADSB,0.0
3b86ff46,1754061109,37.41706,25.83029,35025.0,460.0,-128.0,142.0,7436,AIZ224,ADSB,0.0
3b86ff46,1754061143,37.35943,25.88594,35000.0,460.0,0.0,142.0,7436,AIZ224,ADSB,0.0
3b86ff46,1754061175,37.30585,25.93765,35000.0,460.0,64.0,142.0,7436,AIZ224,ADSB,0.0
3b86ff46,1754061207,37.25217,25.98929,35000.0,460.0,0.0,142.0,7436,AIZ224,ADSB,0.0
3b86ff46,1754061238,37.19893,26.04034,35000.0,460.0,64.0,142.0,7436,AIZ224,ADSB,0.0
3b86ff46,1754061269,37.14668,26.09038,35000.0,460.0,0.0,142.0,7436,AIZ224,ADSB,0.0
3b86ff46,1754061301,37.09194,26.14406,35000.0,463.0,-64.0,139.0,7436,AIZ224,ADSB,0.0
3b86ff46,1754061332,37.04394,26.20078,35000.0,470.0,64.0,133.0,7436,AIZ224,ADSB,0.0
3b86ff46,1754061364,36.99832,26.26718,35000.0,476.0,0.0,128.0,7436,AIZ224,ADSB,0.0
3b86ff46,1754061396,36.95792,26.34019,35025.0,481.0,0.0,121.0,7436,AIZ224,ADSB,0.0
3b86ff46,1754061429,36.92361,26.41883,35025.0,487.0,0.0,115.0,7436,AIZ224,ADSB,0.0
3b86ff46,1754061462,36.89391,26.50458,35025.0,489.0,0.0,112.0,7436,AIZ224,ADSB,0.0
3b86ff46,1754061495,36.86472,26.58966,35000.0,487.0,64.0,113.0,7436,AIZ224,ADSB,0.0
3b86ff46,1754061527,36.83483,26.67457,35000.0,484.0,0.0,115.0,7436,AIZ224,ADSB,0.0
3b86ff46,1754061561,36.79936,26.75527,35000.0,477.0,0.0,120.0,7436,AIZ224,ADSB,0.0
3b86ff46,1754061593,36.76323,26.83194,34975.0,478.0,0.0,120.0,7436,AIZ224,ADSB,0.0
3b86ff46,1754061624,36.72916,26.90464,34975.0,476.0,0.0,120.0,7436,AIZ224,ADSB,0.0
3b86ff46,1754061656,36.69337,26.98059,35000.0,476.0,-64.0,120.0,7436,AIZ224,ADSB,0.0
3b86ff46,1754061689,36.65672,27.05804,35000.0,474.0,0.0,120.0,7436,AIZ224,ADSB,0.0
3b86ff46,1754061722,36.62022,27.13489,34975.0,475.0,0.0,120.0,7436,AIZ224,ADSB,0.0
3b86ff46,1754061754,36.58331,27.21226,34975.0,475.0,0.0,120.0,7436,AIZ224,ADSB,0.0
3b86ff46,1754061785,36.54937,27.28338,35000.0,473.0,0.0,120.0,7436,AIZ224,ADSB,0.0
3b86ff46,1754061819,36.51132,27.36311,35000.0,474.0,0.0,120.0,7436,AIZ224,ADSB,0.0
3b86ff46,1754061850,36.47675,27.43543,35000.0,474.0,-64.0,120.0,7436,AIZ224,ADSB,0.0
3b86ff46,1754061882,36.44011,27.5121,35000.0,474.0,-64.0,120.0,7436,AIZ224,ADSB,0.0
3b86ff46,1754061914,36.40525,27.58474,34975.0,474.0,0.0,120.0,7436,AIZ224,ADSB,0.0
3b86ff46,1754061947,36.36828,27.66141,34975.0,476.0,0.0,120.0,7436,AIZ224,ADSB,0.0
3b86ff46,1754061980,36.33058,27.73948,35000.0,476.0,64.0,120.0,7436,AIZ224,ADSB,0.0
3b86ff46,1754062012,36.29466,27.81366,35000.0,476.0,0.0,120.0,7436,AIZ224,ADSB,0.0
3b86ff46,1754062046,36.25605,27.89329,35025.0,476.0,0.0,120.0,7436,AIZ224,ADSB,0.0
3b86ff46,1754062076,36.22165,27.96392,35000.0,477.0,0.0,121.0,7436,AIZ224,ADSB,0.0
3b86ff46,1754062109,36.18448,28.04008,35000.0,477.0,0.0,121.0,7436,AIZ224,ADSB,0.0
3b86ff46,1754062138,36.15047,28.10978,35025.0,477.0,64.0,121.0,7436,AIZ224,ADSB,0.0
3b86ff46,1754062170,36.1143,28.18382,35050.0,476.0,0.0,121.0,7436,AIZ224,ADSB,0.0
3b86ff46,1754062202,36.07892,28.25603,35025.0,476.0,-64.0,121.0,7436,AIZ224,ADSB,0.0
3b86ff46,1754062235,36.04102,28.33304,35000.0,476.0,0.0,121.0,7436,AIZ224,ADSB,0.0
3b86ff46,1754062267,36.0035,28.40918,35000.0,475.0,0.0,121.0,7436,AIZ224,ADSB,0.0
3b86ff46,1754062301,35.96556,28.48603,35000.0,475.0,0.0,121.0,7436,AIZ224,ADSB,0.0
3b86ff46,1754062333,35.92854,28.56096,35025.0,473.0,0.0,121.0,7436,AIZ224,ADSB,0.0
3b86ff46,1754062366,35.89073,28.63735,35000.0,473.0,0.0,121.0,7436,AIZ224,ADSB,0.0
3b86ff46,1754062399,35.85274,28.71363,35000.0,472.0,0.0,121.0,7436,AIZ224,ADSB,0.0
3b86ff46,1754062433,35.81534,28.78868,35000.0,472.0,0.0,121.0,7436,AIZ224,ADSB,0.0
3b86ff46,1754062466,35.77652,28.86646,35000.0,471.0,0.0,121.0,7436,AIZ224,ADSB,0.0
3b86ff46,1754062500,35.73838,28.94278,35000.0,471.0,-64.0,121.0,7436,AIZ224,ADSB,0.0
3b86ff46,1754062531,35.7019,29.01546,34975.0,472.0,-64.0,121.0,7436,AIZ224,ADSB,0.0
3b86ff46,1754062562,35.6667,29.08545,34975.0,473.0,64.0,121.0,7436,AIZ224,ADSB,0.0
3b86ff46,1754062593,35.63145,29.15549,34975.0,474.0,0.0,121.0,7436,AIZ224,ADSB,0.0
3b86ff46,1754062625,35.59421,29.22936,35000.0,475.0,64.0,121.0,7436,AIZ224,ADSB,0.0
3b86ff46,1754062658,35.55595,29.30492,35025.0,475.0,64.0,121.0,7436,AIZ224,ADSB,0.0
3b86ff46,1754062691,35.5182,29.37927,35025.0,475.0,-64.0,121.0,7436,AIZ224,ADSB,0.0
3b86ff46,1754062720,35.48365,29.44733,35025.0,474.0,0.0,121.0,7436,AIZ224,ADSB,0.0
3b86ff46,1754062753,35.44525,29.52283,35025.0,473.0,0.0,121.0,7436,AIZ224,ADSB,0.0
3b86ff46,1754062786,35.40793,29.59597,35000.0,473.0,-64.0,122.0,7436,AIZ224,ADSB,0.0
3b86ff46,1754062818,35.37067,29.66852,35000.0,473.0,0.0,122.0,7436,AIZ224,ADSB,0.0
3b86ff46,1754062850,35.33361,29.74104,35000.0,473.0,0.0,121.0,7436,AIZ224,ADSB,0.0
3b86ff46,1754062881,35.29774,29.81129,35000.0,473.0,0.0,122.0,7436,AIZ224,ADSB,0.0
3b86ff46,1754062912,35.26172,29.88121,34975.0,472.0,0.0,122.0,7436,AIZ224,ADSB,0.0
3b86ff46,1754062944,35.2235,29.95529,35025.0,471.0,0.0,122.0,7436,AIZ224,ADSB,0.0
3b86ff46,1754062976,35.1846,30.02466,35025.0,466.0,-64.0,127.0,7436,AIZ224,ADSB,0.0
3b86ff46,1754063007,35.14467,30.08752,34975.0,466.0,-64.0,127.0,7436,AIZ224,ADSB,0.0
3b86ff46,1754063038,35.10439,30.15254,34975.0,466.0,0.0,126.0,7436,AIZ224,ADSB,0.0
3b86ff46,1754063071,35.06076,30.22215,34975.0,466.0,0.0,127.0,7436,AIZ224,ADSB,0.0
3b86ff46,1754063101,35.0205,30.28576,34975.0,467.0,0.0,127.0,7436,AIZ224,ADSB,0.0
3b86ff46,1754063135,34.97651,30.35517,34975.0,468.0,0.0,127.0,7436,AIZ224,ADSB,0.0
3b86ff46,1754063166,34.93527,30.42023,34975.0,469.0,64.0,127.0,7436,AIZ224,ADSB,0.0
3b86ff46,1754063197,34.89377,30.48538,35025.0,470.0,64.0,127.0,7436,AIZ224,ADSB,0.0
3b86ff46,1754063230,34.85054,30.55315,35025.0,469.0,0.0,127.0,7436,AIZ224,ADSB,0.0
3b86ff46,1754063263,34.80655,30.62204,35000.0,470.0,0.0,127.0,7436,AIZ224,ADSB,0.0
3b86ff46,1754063296,34.76265,30.69082,35000.0,471.0,0.0,127.0,7436,AIZ224,ADSB,0.0
3b86ff46,1754063327,34.72069,30.75651,35000.0,472.0,0.0,127.0,7436,AIZ224,ADSB,0.0
3b86ff46,1754063358,34.67909,30.82117,35025.0,471.0,0.0,127.0,7436,AIZ224,ADSB,0.0
3b86ff46,1754063389,34.63861,30.88408,35000.0,472.0,0.0,127.0,7436,AIZ224,ADSB,0.0
3b86ff46,1754063421,34.59451,30.95238,35000.0,472.0,0.0,127.0,7436,AIZ224,ADSB,0.0
3b86ff46,1754063453,34.55182,31.01872,35000.0,472.0,0.0,127.0,7436,AIZ224,ADSB,0.0
3b86ff46,1754063485,34.50941,31.08587,35000.0,471.0,0.0,127.0,7436,AIZ224,ADSB,0.0
3b86ff46,1754063518,34.46555,31.15511,35025.0,470.0,0.0,127.0,7436,AIZ224,ADSB,0.0
3b86ff46,1754063552,34.42063,31.22526,35025.0,469.0,0.0,127.0,7436,AIZ224,ADSB,0.0
3b86ff46,1754063583,34.37892,31.29024,35000.0,470.0,-64.0,127.0,7436,AIZ224,ADSB,0.0
3b86ff46,1754063616,34.33544,31.35784,34975.0,470.0,-64.0,127.0,7436,AIZ224,ADSB,0.0
3b86ff46,1754063646,34.29483,31.42079,34975.0,470.0,0.0,127.0,7436,AIZ224,ADSB,0.0
3b86ff46,1754063679,34.25084,31.48895,35000.0,470.0,0.0,127.0,7436,AIZ224,ADSB,0.0
3b86ff46,1754063711,34.2084,31.55464,35025.0,468.0,64.0,127.0,7436,AIZ224,ADSB,0.0
3b86ff46,1754063743,34.16581,31.62037,35025.0,468.0,0.0,127.0,7436,AIZ224,ADSB,0.0
3b86ff46,1754063776,34.12111,31.68915,35000.0,467.0,-64.0,127.0,7436,AIZ224,ADSB,0.0
3b86ff46,1754063808,34.07903,31.75386,35000.0,467.0,0.0,128.0,7436,AIZ224,ADSB,0.0
3b86ff46,1754063841,34.035,31.82145,35000.0,466.0,0.0,128.0,7436,AIZ224,ADSB,0.0
3b86ff46,1754063874,33.99193,31.88737,35000.0,466.0,0.0,128.0,7436,AIZ224,ADSB,0.0
3b86ff46,1754063907,33.94743,31.95519,35000.0,465.0,0.0,128.0,7436,AIZ224,ADSB,0.0
3b86ff46,1754063938,33.90623,32.0178,35000.0,465.0,0.0,128.0,7436,AIZ224,ADSB,0.0
3b86ff46,1754063971,33.8614,32.0858,34975.0,468.0,0.0,128.0,7436,AIZ224,ADSB,0.0
3b86ff46,1754064005,33.81606,32.15451,35000.0,468.0,0.0,128.0,7436,AIZ224,ADSB,0.0
3b86ff46,1754064038,33.77127,32.2221,35000.0,467.0,0.0,128.0,7436,AIZ224,ADSB,0.0
3b86ff46,1754064070,33.72917,32.28551,35000.0,467.0,0.0,128.0,7436,AIZ224,ADSB,0.0
3b86ff46,1754064101,33.68655,32.34952,35000.0,466.0,64.0,128.0,7436,AIZ224,ADSB,0.0
3b86ff46,1754064133,33.64348,32.41404,35025.0,466.0,0.0,128.0,7436,AIZ224,ADSB,0.0
3b86ff46,1754064165,33.60052,32.47839,35025.0,466.0,-64.0,128.0,7436,AIZ224,ADSB,0.0
3b86ff46,1754064197,33.55774,32.54242,35000.0,466.0,0.0,128.0,7436,AIZ224,ADSB,0.0
3b86ff46,1754064228,33.5153,32.60583,35000.0,464.0,0.0,128.0,7436,AIZ224,ADSB,0.0
3b86ff46,1754064261,33.47208,32.67048,34600.0,465.0,-960.0,128.0,7436,AIZ224,ADSB,0.0
3b86ff46,1754064291,33.43042,32.73264,33850.0,470.0,-1792.0,128.0,7436,AIZ224,ADSB,0.0
3b86ff46,1754064323,33.38806,32.79576,32950.0,463.0,-1792.0,128.0,7436,AIZ224,ADSB,0.0
3b86ff46,1754064355,33.34515,32.8595,31925.0,458.0,-1856.0,128.0,7436,AIZ224,ADSB,0.0
3b86ff46,1754064385,33.30487,32.91943,30975.0,453.0,-1792.0,128.0,7436,AIZ224,ADSB,0.0
3b86ff46,1754064417,33.26325,32.98096,30000.0,450.0,-1856.0,128.0,7436,AIZ224,ADSB,0.0
3b86ff46,1754064450,33.22083,33.04385,28975.0,444.0,-1856.0,128.0,7436,AIZ224,ADSB,0.0
3b86ff46,1754064482,33.17995,33.10428,27975.0,440.0,-1856.0,128.0,7436,AIZ224,ADSB,0.0
3b86ff46,1754064514,33.13928,33.16425,27000.0,436.0,-1792.0,128.0,7436,AIZ224,ADSB,0.0
3b86ff46,1754064547,33.09741,33.2259,26000.0,429.0,-1792.0,128.0,7436,AIZ224,ADSB,0.0
3b86ff46,1754064579,33.05693,33.28555,24975.0,425.0,-1856.0,128.0,7436,AIZ224,ADSB,0.0
3b86ff46,1754064613,33.01588,33.34587,23950.0,421.0,-1856.0,128.0,7436,AIZ224,ADSB,0.0
3b86ff46,1754064645,32.97691,33.40303,23000.0,416.0,-1792.0,128.0,7436,AIZ224,ADSB,0.0
3b86ff46,1754064676,32.93962,33.45786,22300.0,405.0,-1664.0,128.0,7436,AIZ224,ADSB,0.0
3b86ff46,1754064708,32.90131,33.51352,21350.0,400.0,-1792.0,129.0,7436,AIZ224,ADSB,0.0
3b86ff46,1754064740,32.86482,33.56636,20425.0,394.0,-1792.0,129.0,7436,AIZ224,ADSB,0.0
3b86ff46,1754064773,32.82682,33.62136,19425.0,390.0,-1856.0,129.0,7436,AIZ224,ADSB,0.0
3b86ff46,1754064804,32.7907,33.67158,18675.0,383.0,-960.0,125.0,7436,AIZ224,ADSB,0.0
3b86ff46,1754064836,32.75844,33.72573,18175.0,378.0,-896.0,125.0,7436,AIZ224,ADSB,0.0
3b86ff46,1754064867,32.72702,33.77769,17625.0,372.0,-1792.0,125.0,7436,AIZ224,ADSB,0.0
3b86ff46,1754064900,32.69368,33.83245,16700.0,366.0,-1664.0,125.0,7436,AIZ224,ADSB,0.0
3b86ff46,1754064932,32.66199,33.88436,15825.0,360.0,-1664.0,125.0,7436,AIZ224,ADSB,0.0
3b86ff46,1754064963,32.6321,33.93303,15000.0,354.0,-1536.0,125.0,7436,AIZ224,ADSB,0.0
3b86ff46,1754064994,32.60225,33.98159,14200.0,348.0,-1536.0,125.0,7436,AIZ224,ADSB,0.0
3b86ff46,1754065025,32.57265,34.02982,13375.0,342.0,-1536.0,125.0,7436,AIZ224,ADSB,0.0
3b86ff46,1754065058,32.54327,34.07757,12600.0,335.0,-1472.0,125.0,7436,AIZ224,ADSB,0.0
3b86ff46,1754065090,32.51399,34.1248,11800.0,328.0,-1472.0,126.0,7436,AIZ224,ADSB,0.0
3b86ff46,1754065106,32.49998,34.14727,11425.0,324.0,-1408.0,126.0,7436,AIZ224,ADSB,0.0
3b86ff46,1754065119,32.48804,34.16627,11100.0,321.0,-1408.0,126.0,7436,AIZ224,ADSB,0.0
3b86ff46,1754065132,32.4761,34.18531,10775.0,318.0,-1408.0,126.0,7436,AIZ224,ADSB,0.0
3b86ff46,1754065147,32.46348,34.20548,10525.0,313.0,-576.0,126.0,7436,AIZ224,ADSB,0.0
3b86ff46,1754065161,32.45206,34.22384,10400.0,303.0,-512.0,126.0,7436,AIZ224,ADSB,0.0
3b86ff46,1754065175,32.4409,34.24175,10275.0,294.0,-512.0,126.0,7436,AIZ224,ADSB,0.0
3b86ff46,1754065190,32.42889,34.26109,10100.0,286.0,-1152.0,126.0,7436,AIZ224,ADSB,0.0
3b86ff46,1754065204,32.41809,34.27839,9825.0,281.0,-1152.0,126.0,7436,AIZ224,ADSB,0.0
3b86ff46,1754065220,32.40599,34.29763,9550.0,277.0,-1088.0,126.0,7436,AIZ224,ADSB,0.0
3b86ff46,1754065234,32.39525,34.31563,9275.0,274.0,-1088.0,122.0,7436,AIZ224,ADSB,0.0
3b86ff46,1754065239,32.39246,34.32211,9200.0,273.0,-1088.0,116.0,7436,AIZ224,ADSB,0.0
3b86ff46,1754065242,32.39109,34.32645,9150.0,273.0,-960.0,111.0,7436,AIZ224,ADSB,0.0
3b86ff46,1754065245,32.38998,34.3314,9100.0,272.0,-832.0,105.0,7436,AIZ224,ADSB,0.0
3b86ff46,1754065248,32.38925,34.33502,9075.0,272.0,-768.0,103.0,7436,AIZ224,ADSB,0.0
3b86ff46,1754065250,32.3887,34.33799,9050.0,274.0,-640.0,102.0,7436,AIZ224,ADSB,0.0
3b86ff46,1754065253,32.38783,34.34304,9025.0,277.0,-704.0,101.0,7436,AIZ224,ADSB,0.0
3b86ff46,1754065257,32.38701,34.34793,8950.0,282.0,-896.0,101.0,7436,AIZ224,ADSB,0.0
3b86ff46,1754065260,32.38623,34.35249,8900.0,285.0,-1024.0,101.0,7436,AIZ224,ADSB,0.0
3b86ff46,1754065263,32.38536,34.35765,8850.0,287.0,-1024.0,101.0,7436,AIZ224,ADSB,0.0
3b86ff46,1754065265,32.38476,34.36092,8800.0,289.0,-960.0,101.0,7436,AIZ224,ADSB,0.0
3b86ff46,1754065269,32.38383,34.36636,8750.0,290.0,-960.0,101.0,7436,AIZ224,ADSB,0.0
3b86ff46,1754065272,32.38295,34.37151,8700.0,291.0,-896.0,101.0,7436,AIZ224,ADSB,0.0
3b86ff46,1754065286,32.37909,34.39341,8500.0,298.0,-832.0,101.0,7436,AIZ224,ADSB,0.0
3b86ff46,1754065301,32.37471,34.41759,8300.0,299.0,-896.0,102.0,7436,AIZ224,ADSB,0.0
3b86ff46,1754065317,32.36991,34.44343,8075.0,298.0,-768.0,102.0,7436,AIZ224,ADSB,0.0
3b86ff46,1754065330,32.36614,34.46378,7900.0,296.0,-832.0,102.0,7436,AIZ224,ADSB,0.0
3b86ff46,1754065345,32.36174,34.48751,7725.0,294.0,-768.0,102.0,7436,AIZ224,ADSB,0.0
3b86ff46,1754065358,32.35776,34.50916,7550.0,295.0,-704.0,102.0,7436,AIZ224,ADSB,0.0
3b86ff46,1754065371,32.35341,34.52838,7400.0,295.0,-704.0,108.0,7436,AIZ224,ADSB,0.0
3b86ff46,1754065379,32.34957,34.53984,7325.0,296.0,-704.0,112.0,7436,AIZ224,ADSB,0.0
3b86ff46,1754065382,32.34766,34.54511,7275.0,296.0,-704.0,113.0,7436,AIZ224,ADSB,0.0
3b86ff46,1754065384,32.34659,34.54805,7250.0,296.0,-704.0,113.0,7436,AIZ224,ADSB,0.0
3b86ff46,1754065387,32.34477,34.5529,7225.0,296.0,-704.0,113.0,7436,AIZ224,ADSB,0.0
3b86ff46,1754065390,32.3431,34.55744,7175.0,296.0,-704.0,113.0,7436,AIZ224,ADSB,0.0
3b86ff46,1754065394,32.34133,34.56226,7150.0,296.0,-704.0,113.0,7436,AIZ224,ADSB,0.0
3b86ff46,1754065408,32.33309,34.58463,6975.0,296.0,-704.0,113.0,7436,AIZ224,ADSB,0.0
3b86ff46,1754065421,32.32634,34.6029,6825.0,296.0,-704.0,113.0,7436,AIZ224,ADSB,0.0
3b86ff46,1754065434,32.31931,34.62207,6675.0,296.0,-704.0,113.0,7436,AIZ224,ADSB,0.0
3b86ff46,1754065449,32.31116,34.64462,6500.0,290.0,-704.0,113.0,7436,AIZ224,ADSB,0.0
3b86ff46,1754065464,32.30379,34.66494,6350.0,280.0,-640.0,113.0,7436,AIZ224,ADSB,0.0
3b86ff46,1754065479,32.29622,34.68597,6175.0,272.0,-704.0,113.0,7436,AIZ224,ADSB,0.0
3b86ff46,1754065493,32.28928,34.70526,5950.0,268.0,-960.0,113.0,7436,AIZ224,ADSB,0.0
3b86ff46,1754065507,32.28202,34.72515,5700.0,263.0,-1024.0,113.0,7436,AIZ224,ADSB,0.0
3b86ff46,1754065515,32.27742,34.73432,5575.0,260.0,-1152.0,124.0,7436,AIZ224,ADSB,0.0
3b86ff46,1754065518,32.27481,34.73795,5500.0,258.0,-1088.0,130.0,7436,AIZ224,ADSB,0.0
3b86ff46,1754065521,32.27215,34.74079,5450.0,258.0,-1024.0,137.0,7436,AIZ224,ADSB,0.0
3b86ff46,1754065524,32.26923,34.74322,5400.0,255.0,-1024.0,144.0,7436,AIZ224,ADSB,0.0
3b86ff46,1754065528,32.2662,34.74514,5350.0,252.0,-896.0,150.0,7436,AIZ224,ADSB,0.0
3b86ff46,1754065531,32.26263,34.74679,5325.0,249.0,-640.0,160.0,7436,AIZ224,ADSB,0.0
3b86ff46,1754065534,32.2592,34.74778,5275.0,246.0,-448.0,166.0,7436,AIZ224,ADSB,0.0
3b86ff46,1754065536,32.25677,34.74811,5275.0,243.0,-320.0,171.0,7436,AIZ224,ADSB,0.0
3b86ff46,1754065539,32.25311,34.7483,5250.0,241.0,-192.0,177.0,7436,AIZ224,ADSB,0.0
3b86ff46,1754065543,32.24963,34.748,5250.0,236.0,-128.0,185.0,7436,AIZ224,ADSB,0.0
3b86ff46,1754065546,32.24608,34.74723,5225.0,233.0,-64.0,189.0,7436,AIZ224,ADSB,0.0
3b86ff46,1754065548,32.24403,34.74651,5225.0,230.0,-64.0,195.0,7436,AIZ224,ADSB,0.0
3b86ff46,1754065551,32.24073,34.74493,5225.0,227.0,-64.0,201.0,7436,AIZ224,ADSB,0.0
3b86ff46,1754065554,32.23883,34.74388,5225.0,225.0,0.0,204.0,7436,AIZ224,ADSB,0.0
3b86ff46,1754065557,32.23572,34.74168,5225.0,224.0,64.0,210.0,7436,AIZ224,ADSB,0.0
3b86ff46,1754065560,32.23314,34.73939,5225.0,223.0,0.0,217.0,7436,AIZ224,ADSB,0.0
3b86ff46,1754065563,32.23053,34.73653,5225.0,223.0,-64.0,222.0,7436,AIZ224,ADSB,0.0
3b86ff46,1754065566,32.22871,34.73421,5225.0,223.0,0.0,227.0,7436,AIZ224,ADSB,0.0
3b86ff46,1754065569,32.2267,34.73097,5225.0,223.0,0.0,233.0,7436,AIZ224,ADSB,0.0
3b86ff46,1754065572,32.22482,34.72729,5225.0,224.0,0.0,238.0,7436,AIZ224,ADSB,0.0
3b86ff46,1754065575,32.22395,34.72515,5225.0,224.0,0.0,242.0,7436,AIZ224,ADSB,0.0
3b86ff46,1754065578,32.22272,34.72114,5225.0,224.0,64.0,249.0,7436,AIZ224,ADSB,0.0
3b86ff46,1754065580,32.22203,34.71828,5225.0,225.0,0.0,253.0,7436,AIZ224,ADSB,0.0
3b86ff46,1754065584,32.22153,34.71471,5225.0,224.0,0.0,259.0,7436,AIZ224,ADSB,0.0
3b86ff46,1754065586,32.2213,34.71229,5225.0,225.0,0.0,263.0,7436,AIZ224,ADSB,0.0
3b86ff46,1754065588,32.22127,34.70884,5225.0,226.0,0.0,268.0,7436,AIZ224,ADSB,0.0
3b86ff46,1754065590,32.22144,34.70658,5225.0,226.0,0.0,272.0,7436,AIZ224,ADSB,0.0
3b86ff46,1754065593,32.22192,34.70239,5225.0,227.0,0.0,278.0,7436,AIZ224,ADSB,0.0
3b86ff46,1754065597,32.22281,34.69836,5225.0,227.0,64.0,284.0,7436,AIZ224,ADSB,0.0
3b86ff46,1754065600,32.22395,34.69477,5225.0,228.0,128.0,289.0,7436,AIZ224,ADSB,0.0
3b86ff46,1754065603,32.22514,34.69147,5225.0,229.0,0.0,292.0,7436,AIZ224,ADSB,0.0
3b86ff46,1754065605,32.22629,34.6884,5225.0,229.0,0.0,293.0,7436,AIZ224,ADSB,0.0
3b86ff46,1754065608,32.22762,34.68477,5225.0,229.0,0.0,293.0,7436,AIZ224,ADSB,0.0
3b86ff46,1754065611,32.22849,34.68246,5225.0,229.0,0.0,293.0,7436,AIZ224,ADSB,0.0
3b86ff46,1754065614,32.22993,34.67857,5225.0,229.0,0.0,293.0,7436,AIZ224,ADSB,0.0
3b86ff46,1754065617,32.23119,34.6751,5225.0,229.0,-64.0,293.0,7436,AIZ224,ADSB,0.0
3b86ff46,1754065620,32.23249,34.67145,5225.0,229.0,-64.0,292.0,7436,AIZ224,ADSB,0.0
3b86ff46,1754065624,32.23389,34.66753,5225.0,228.0,0.0,292.0,7436,AIZ224,ADSB,0.0
3b86ff46,1754065639,32.23994,34.64987,5225.0,229.0,-64.0,291.0,7436,AIZ224,ADSB,0.0
3b86ff46,1754065650,32.24455,34.63588,5225.0,233.0,0.0,291.0,7436,AIZ224,ADSB,0.0
3b86ff46,1754065664,32.25023,34.61971,5225.0,234.0,-64.0,295.0,7436,AIZ224,ADSB,0.0
3b86ff46,1754065671,32.25423,34.61265,5225.0,235.0,0.0,305.0,7436,AIZ224,ADSB,0.0
3b86ff46,1754065673,32.25549,34.61089,5225.0,236.0,0.0,311.0,7436,AIZ224,ADSB,0.0
3b86ff46,1754065676,32.25842,34.60776,5225.0,237.0,64.0,317.0,7436,AIZ224,ADSB,0.0
3b86ff46,1754065680,32.26107,34.60553,5225.0,237.0,64.0,324.0,7436,AIZ224,ADSB,0.0
3b86ff46,1754065683,32.26469,34.6032,5225.0,239.0,64.0,330.0,7436,AIZ224,ADSB,0.0
3b86ff46,1754065686,32.2674,34.60188,5225.0,240.0,0.0,336.0,7436,AIZ224,ADSB,0.0
3b86ff46,1754065688,32.27034,34.60094,5225.0,240.0,0.0,343.0,7436,AIZ224,ADSB,0.0
3b86ff46,1754065691,32.27367,34.60023,5225.0,241.0,0.0,349.0,7436,AIZ224,ADSB,0.0
3b86ff46,1754065695,32.27751,34.5999,5225.0,241.0,0.0,355.0,7436,AIZ224,ADSB,0.0
3b86ff46,1754065698,32.2809,34.60009,5225.0,242.0,0.0,1.0,7436,AIZ224,ADSB,0.0
3b86ff46,1754065700,32.28323,34.60062,5225.0,242.0,0.0,5.0,7436,AIZ224,ADSB,0.0
3b86ff46,1754065702,32.28557,34.60122,5225.0,243.0,0.0,11.0,7436,AIZ224,ADSB,0.0
3b86ff46,1754065704,32.28826,34.60217,5225.0,243.0,0.0,15.0,7436,AIZ224,ADSB,0.0
3b86ff46,1754065707,32.29036,34.60312,5225.0,243.0,0.0,19.0,7436,AIZ224,ADSB,0.0
3b86ff46,1754065710,32.29381,34.60529,5225.0,241.0,0.0,28.0,7436,AIZ224,ADSB,0.0
3b86ff46,1754065713,32.29655,34.60748,5225.0,241.0,0.0,34.0,7436,AIZ224,ADSB,0.0
3b86ff46,1754065715,32.29887,34.60968,5225.0,241.0,0.0,38.0,7436,AIZ224,ADSB,0.0
3b86ff46,1754065719,32.3012,34.61243,5225.0,243.0,0.0,44.0,7436,AIZ224,ADSB,0.0
3b86ff46,1754065722,32.30338,34.61561,5225.0,242.0,0.0,50.0,7436,AIZ224,ADSB,0.0
3b86ff46,1754065724,32.30493,34.61847,5225.0,242.0,0.0,54.0,7436,AIZ224,ADSB,0.0
3b86ff46,1754065727,32.30642,34.62185,5225.0,242.0,0.0,60.0,7436,AIZ224,ADSB,0.0
3b86ff46,1754065730,32.30772,34.62572,5225.0,241.0,0.0,68.0,7436,AIZ224,ADSB,0.0
3b86ff46,1754065733,32.30879,34.63008,5225.0,241.0,0.0,74.0,7436,AIZ224,ADSB,0.0
3b86ff46,1754065736,32.30914,34.63264,5225.0,242.0,0.0,78.0,7436,AIZ224,ADSB,0.0
3b86ff46,1754065739,32.30942,34.63671,5225.0,240.0,0.0,84.0,7436,AIZ224,ADSB,0.0
3b86ff46,1754065742,32.30923,34.64088,5225.0,239.0,0.0,92.0,7436,AIZ224,ADSB,0.0
3b86ff46,1754065745,32.3087,34.64516,5225.0,238.0,-64.0,98.0,7436,AIZ224,ADSB,0.0
3b86ff46,1754065748,32.30791,34.64879,5225.0,237.0,64.0,104.0,7436,AIZ224,ADSB,0.0
3b86ff46,1754065751,32.30708,34.6517,5225.0,237.0,128.0,108.0,7436,AIZ224,ADSB,0.0
3b86ff46,1754065753,32.30603,34.65483,5225.0,237.0,64.0,110.0,7436,AIZ224,ADSB,0.0
3b86ff46,1754065756,32.3047,34.65852,5225.0,236.0,0.0,112.0,7436,AIZ224,ADSB,0.0
3b86ff46,1754065759,32.30342,34.66203,5225.0,235.0,0.0,113.0,7436,AIZ224,ADSB,0.0
3b86ff46,1754065761,32.30251,34.6645,5225.0,235.0,0.0,113.0,7436,AIZ224,ADSB,0.0
3b86ff46,1754065765,32.30095,34.66873,5225.0,235.0,-64.0,113.0,7436,AIZ224,ADSB,0.0
3b86ff46,1754065768,32.29971,34.67203,5225.0,236.0,0.0,113.0,7436,AIZ224,ADSB,0.0
3b86ff46,1754065771,32.29843,34.6756,5225.0,234.0,0.0,113.0,7436,AIZ224,ADSB,0.0
3b86ff46,1754065774,32.29715,34.67913,5225.0,234.0,0.0,113.0,7436,AIZ224,ADSB,0.0
3b86ff46,1754065789,32.29078,34.69707,5225.0,237.0,0.0,112.0,7436,AIZ224,ADSB,0.0
3b86ff46,1754065804,32.28442,34.71537,5225.0,238.0,0.0,112.0,7436,AIZ224,ADSB,0.0
3b86ff46,1754065819,32.27774,34.73311,5225.0,236.0,0.0,117.0,7436,AIZ224,ADSB,0.0
3b86ff46,1754065822,32.27586,34.7363,5225.0,236.0,0.0,123.0,7436,AIZ224,ADSB,0.0
3b86ff46,1754065825,32.27362,34.73921,5225.0,234.0,0.0,132.0,7436,AIZ224,ADSB,0.0
3b86ff46,1754065828,32.27106,34.74179,5225.0,233.0,64.0,139.0,7436,AIZ224,ADSB,0.0
3b86ff46,1754065832,32.26815,34.74409,5225.0,231.0,64.0,146.0,7436,AIZ224,ADSB,0.0
3b86ff46,1754065835,32.26524,34.74575,5225.0,231.0,64.0,153.0,7436,AIZ224,ADSB,0.0
3b86ff46,1754065838,32.262,34.74707,5225.0,229.0,0.0,160.0,7436,AIZ224,ADSB,0.0
3b86ff46,1754065841,32.25847,34.74789,5225.0,228.0,64.0,166.0,7436,AIZ224,ADSB,0.0
3b86ff46,1754065843,32.25645,34.74811,5225.0,228.0,64.0,173.0,7436,AIZ224,ADSB,0.0
3b86ff46,1754065847,32.25288,34.74811,5225.0,227.0,64.0,179.0,7436,AIZ224,ADSB,0.0
3b86ff46,1754065850,32.24953,34.74768,5225.0,227.0,0.0,185.0,7436,AIZ224,ADSB,0.0
3b86ff46,1754065853,32.24615,34.74673,5225.0,226.0,0.0,193.0,7436,AIZ224,ADSB,0.0
3b86ff46,1754065856,32.2431,34.74549,5225.0,225.0,0.0,199.0,7436,AIZ224,ADSB,0.0
3b86ff46,1754065859,32.24008,34.74387,5225.0,225.0,64.0,204.0,7436,AIZ224,ADSB,0.0
3b86ff46,1754065862,32.2375,34.74201,5225.0,224.0,0.0,210.0,7436,AIZ224,ADSB,0.0
3b86ff46,1754065866,32.23463,34.7395,5225.0,223.0,0.0,216.0,7436,AIZ224,ADSB,0.0
3b86ff46,1754065869,32.23228,34.7369,5225.0,223.0,0.0,222.0,7436,AIZ224,ADSB,0.0
3b86ff46,1754065872,32.23018,34.73399,5225.0,223.0,0.0,229.0,7436,AIZ224,ADSB,0.0
3b86ff46,1754065876,32.22807,34.73053,5225.0,223.0,0.0,235.0,7436,AIZ224,ADSB,0.0
3b86ff46,1754065878,32.22684,34.728,5225.0,222.0,0.0,238.0,7436,AIZ224,ADSB,0.0
3b86ff46,1754065880,32.22597,34.72581,5225.0,222.0,0.0,244.0,7436,AIZ224,ADSB,0.0
3b86ff46,1754065882,32.22514,34.72311,5225.0,222.0,0.0,248.0,7436,AIZ224,ADSB,0.0
3b86ff46,1754065886,32.22409,34.71883,5225.0,223.0,0.0,253.0,7436,AIZ224,ADSB,0.0
3b86ff46,1754065889,32.22368,34.7157,5225.0,223.0,0.0,259.0,7436,AIZ224,ADSB,0.0
3b86ff46,1754065892,32.2234,34.71141,5225.0,224.0,0.0,265.0,7436,AIZ224,ADSB,0.0
3b86ff46,1754065895,32.22359,34.70757,5225.0,226.0,0.0,273.0,7436,AIZ224,ADSB,0.0
3b86ff46,1754065897,32.22386,34.70482,5225.0,226.0,0.0,276.0,7436,AIZ224,ADSB,0.0
3b86ff46,1754065900,32.22464,34.70092,5225.0,227.0,0.0,282.0,7436,AIZ224,ADSB,0.0
3b86ff46,1754065904,32.22565,34.69735,5225.0,228.0,128.0,288.0,7436,AIZ224,ADSB,0.0
3b86ff46,1754065907,32.22695,34.69353,5225.0,228.0,64.0,291.0,7436,AIZ224,ADSB,0.0
3b86ff46,1754065909,32.22797,34.69073,5225.0,228.0,0.0,292.0,7436,AIZ224,ADSB,0.0
3b86ff46,1754065912,32.22928,34.68715,5225.0,227.0,0.0,293.0,7436,AIZ224,ADSB,0.0
3b86ff46,1754065915,32.23018,34.68466,5225.0,227.0,0.0,293.0,7436,AIZ224,ADSB,0.0
3b86ff46,1754065917,32.23105,34.6823,5225.0,228.0,0.0,293.0,7436,AIZ224,ADSB,0.0
3b86ff46,1754065920,32.23244,34.67851,5225.0,227.0,-64.0,293.0,7436,AIZ224,ADSB,0.0
3b86ff46,1754065923,32.23384,34.67455,5225.0,228.0,-64.0,292.0,7436,AIZ224,ADSB,0.0
3b86ff46,1754065926,32.23466,34.6723,5225.0,228.0,0.0,292.0,7436,AIZ224,ADSB,0.0
3b86ff46,1754065929,32.23598,34.66848,5225.0,228.0,0.0,292.0,7436,AIZ224,ADSB,0.0
3b86ff46,1754065944,32.24213,34.65049,5225.0,230.0,-64.0,291.0,7436,AIZ224,ADSB,0.0
3b86ff46,1754065958,32.24771,34.63384,5225.0,233.0,0.0,291.0,7436,AIZ224,ADSB,0.0
3b86ff46,1754065972,32.25349,34.61859,5225.0,234.0,-64.0,299.0,7436,AIZ224,ADSB,0.0
3b86ff46,1754065975,32.2554,34.61534,5225.0,234.0,0.0,304.0,7436,AIZ224,ADSB,0.0
3b86ff46,1754065978,32.25797,34.6121,5225.0,236.0,64.0,311.0,7436,AIZ224,ADSB,0.0
3b86ff46,1754065981,32.26085,34.60913,5225.0,237.0,64.0,319.0,7436,AIZ224,ADSB,0.0
3b86ff46,1754065985,32.2636,34.60699,5225.0,236.0,64.0,328.0,7436,AIZ224,ADSB,0.0
3b86ff46,1754065988,32.2674,34.6049,5225.0,238.0,64.0,333.0,7436,AIZ224,ADSB,0.0
3b86ff46,1754065991,32.27037,34.60375,5225.0,239.0,0.0,339.0,7436,AIZ224,ADSB,0.0
3b86ff46,1754065993,32.27304,34.60301,5225.0,240.0,0.0,346.0,7436,AIZ224,ADSB,0.0
3b86ff46,1754065997,32.27628,34.60254,5225.0,241.0,0.0,352.0,7436,AIZ224,ADSB,0.0
3b86ff46,1754066000,32.27975,34.60254,5225.0,242.0,0.0,359.0,7436,AIZ224,ADSB,0.0
3b86ff46,1754066003,32.28346,34.60298,5225.0,242.0,0.0,5.0,7436,AIZ224,ADSB,0.0
3b86ff46,1754066006,32.28658,34.60385,5225.0,242.0,0.0,11.0,7436,AIZ224,ADSB,0.0
3b86ff46,1754066009,32.29003,34.60519,5225.0,243.0,0.0,19.0,7436,AIZ224,ADSB,0.0
3b86ff46,1754066012,32.29282,34.60682,5225.0,240.0,0.0,26.0,7436,AIZ224,ADSB,0.0
3b86ff46,1754066015,32.29613,34.60929,5225.0,240.0,0.0,32.0,7436,AIZ224,ADSB,0.0
3b86ff46,1754066018,32.29903,34.61204,5225.0,241.0,0.0,39.0,7436,AIZ224,ADSB,0.0
3b86ff46,1754066021,32.3012,34.61461,5225.0,241.0,-64.0,45.0,7436,AIZ224,ADSB,0.0
3b86ff46,1754066024,32.3032,34.61742,5225.0,242.0,0.0,49.0,7436,AIZ224,ADSB,0.0
3b86ff46,1754066027,32.30489,34.62045,5225.0,243.0,0.0,57.0,7436,AIZ224,ADSB,0.0
3b86ff46,1754066029,32.30612,34.62325,5225.0,242.0,0.0,61.0,7436,AIZ224,ADSB,0.0
3b86ff46,1754066031,32.30699,34.62566,5225.0,242.0,0.0,65.0,7436,AIZ224,ADSB,0.0
3b86ff46,1754066034,32.30804,34.62913,5225.0,242.0,0.0,69.0,7436,AIZ224,ADSB,0.0
3b86ff46,1754066037,32.30878,34.63303,5225.0,240.0,-64.0,76.0,7436,AIZ224,ADSB,0.0
3b86ff46,1754066040,32.30914,34.63692,5225.0,240.0,0.0,82.0,7436,AIZ224,ADSB,0.0
3b86ff46,1754066043,32.30914,34.64094,5225.0,239.0,0.0,88.0,7436,AIZ224,ADSB,0.0
3b86ff46,1754066046,32.30878,34.64462,5225.0,237.0,0.0,95.0,7436,AIZ224,ADSB,0.0
3b86ff46,1754066049,32.3079,34.64897,5225.0,238.0,0.0,103.0,7436,AIZ224,ADSB,0.0
3b86ff46,1754066052,32.30688,34.65256,5225.0,236.0,128.0,109.0,7436,AIZ224,ADSB,0.0
3b86ff46,1754066055,32.3059,34.65542,5225.0,236.0,128.0,111.0,7436,AIZ224,ADSB,0.0
3b86ff46,1754066058,32.30451,34.65906,5250.0,235.0,64.0,114.0,7436,AIZ224,ADSB,0.0
3b86ff46,1754066061,32.30292,34.66296,5250.0,235.0,0.0,114.0,7436,AIZ224,ADSB,0.0
3b86ff46,1754066063,32.30186,34.66576,5225.0,235.0,-64.0,114.0,7436,AIZ224,ADSB,0.0
3b86ff46,1754066066,32.30035,34.66956,5225.0,236.0,-64.0,114.0,7436,AIZ224,ADSB,0.0
3b86ff46,1754066069,32.29935,34.67219,5225.0,236.0,-64.0,114.0,7436,AIZ224,ADSB,0.0
3b86ff46,1754066071,32.29839,34.67472,5225.0,235.0,-64.0,114.0,7436,AIZ224,ADSB,0.0
3b86ff46,1754066074,32.29697,34.6784,5225.0,235.0,0.0,114.0,7436,AIZ224,ADSB,0.0
3b86ff46,1754066077,32.29566,34.68199,5225.0,236.0,0.0,113.0,7436,AIZ224,ADSB,0.0
3b86ff46,1754066092,32.28941,34.69993,5225.0,236.0,0.0,111.0,7436,AIZ224,ADSB,0.0
3b86ff46,1754066107,32.28351,34.71795,5225.0,239.0,0.0,111.0,7436,AIZ224,ADSB,0.0
3b86ff46,1754066120,32.27779,34.73322,5200.0,238.0,-64.0,118.0,7436,AIZ224,ADSB,0.0
3b86ff46,1754066122,32.27623,34.73575,5200.0,237.0,0.0,122.0,7436,AIZ224,ADSB,0.0
3b86ff46,1754066125,32.27412,34.73855,5225.0,236.0,0.0,131.0,7436,AIZ224,ADSB,0.0
3b86ff46,1754066129,32.27142,34.74135,5225.0,236.0,64.0,138.0,7436,AIZ224,ADSB,0.0
3b86ff46,1754066132,32.26849,34.74366,5225.0,234.0,64.0,145.0,7436,AIZ224,ADSB,0.0
3b86ff46,1754066135,32.26564,34.74533,5225.0,232.0,64.0,152.0,7436,AIZ224,ADSB,0.0
3b86ff46,1754066138,32.26218,34.74662,5225.0,231.0,0.0,161.0,7436,AIZ224,ADSB,0.0
3b86ff46,1754066141,32.25916,34.74746,5225.0,229.0,64.0,168.0,7436,AIZ224,ADSB,0.0
3b86ff46,1754066143,32.25702,34.74768,5225.0,228.0,64.0,172.0,7436,AIZ224,ADSB,0.0
3b86ff46,1754066146,32.25367,34.74774,5225.0,228.0,0.0,179.0,7436,AIZ224,ADSB,0.0
3b86ff46,1754066150,32.24976,34.74729,5225.0,227.0,0.0,185.0,7436,AIZ224,ADSB,0.0
3b86ff46,1754066153,32.24669,34.74639,5225.0,226.0,0.0,191.0,7436,AIZ224,ADSB,0.0
3b86ff46,1754066156,32.24394,34.74538,5225.0,225.0,0.0,197.0,7436,AIZ224,ADSB,0.0
3b86ff46,1754066159,32.24063,34.74353,5225.0,224.0,0.0,203.0,7436,AIZ224,ADSB,0.0
3b86ff46,1754066163,32.23789,34.74163,5225.0,223.0,0.0,210.0,7436,AIZ224,ADSB,0.0
3b86ff46,1754066165,32.23586,34.73987,5225.0,224.0,-64.0,214.0,7436,AIZ224,ADSB,0.0
3b86ff46,1754066168,32.23334,34.73717,5225.0,224.0,0.0,220.0,7436,AIZ224,ADSB,0.0
3b86ff46,1754066171,32.23119,34.7344,5225.0,223.0,0.0,227.0,7436,AIZ224,ADSB,0.0
3b86ff46,1754066174,32.22931,34.73152,5225.0,223.0,-64.0,233.0,7436,AIZ224,ADSB,0.0
3b86ff46,1754066178,32.22737,34.72773,5225.0,223.0,0.0,238.0,7436,AIZ224,ADSB,0.0
3b86ff46,1754066180,32.22656,34.7257,5225.0,224.0,0.0,242.0,7436,AIZ224,ADSB,0.0
3b86ff46,1754066183,32.22528,34.72158,5225.0,224.0,0.0,250.0,7436,AIZ224,ADSB,0.0
3b86ff46,1754066186,32.22453,34.71809,5225.0,224.0,0.0,256.0,7436,AIZ224,ADSB,0.0
3b86ff46,1754066189,32.22404,34.71421,5225.0,225.0,0.0,261.0,7436,AIZ224,ADSB,0.0
3b86ff46,1754066192,32.22391,34.71032,5225.0,226.0,0.0,267.0,7436,AIZ224,ADSB,0.0
3b86ff46,1754066195,32.22414,34.70669,5225.0,226.0,0.0,273.0,7436,AIZ224,ADSB,0.0
3b86ff46,1754066198,32.22464,34.7035,5225.0,227.0,0.0,277.0,7436,AIZ224,ADSB,0.0
3b86ff46,1754066201,32.22537,34.69993,5225.0,227.0,64.0,285.0,7436,AIZ224,ADSB,0.0
3b86ff46,1754066204,32.22639,34.69667,5225.0,228.0,128.0,288.0,7436,AIZ224,ADSB,0.0
3b86ff46,1754066207,32.22775,34.69274,5225.0,227.0,64.0,291.0,7436,AIZ224,ADSB,0.0
3b86ff46,1754066209,32.22858,34.69038,5250.0,227.0,0.0,292.0,7436,AIZ224,ADSB,0.0
3b86ff46,1754066213,32.23004,34.68636,5225.0,228.0,-64.0,292.0,7436,AIZ224,ADSB,0.0
3b86ff46,1754066215,32.23082,34.68411,5225.0,227.0,-64.0,292.0,7436,AIZ224,ADSB,0.0
3b86ff46,1754066218,32.23216,34.68042,5225.0,228.0,0.0,292.0,7436,AIZ224,ADSB,0.0
3b86ff46,1754066221,32.23361,34.67631,5225.0,227.0,0.0,292.0,7436,AIZ224,ADSB,0.0
3b86ff46,1754066224,32.23453,34.67373,5225.0,228.0,-64.0,292.0,7436,AIZ224,ADSB,0.0
3b86ff46,1754066226,32.23533,34.67156,5225.0,227.0,-64.0,292.0,7436,AIZ224,ADSB,0.0
3b86ff46,1754066240,32.24098,34.65516,5225.0,229.0,-64.0,291.0,7436,AIZ224,ADSB,0.0
3b86ff46,1754066252,32.24566,34.64135,5225.0,231.0,0.0,291.0,7436,AIZ224,ADSB,0.0
3b86ff46,1754066267,32.25167,34.62375,5225.0,233.0,-128.0,293.0,7436,AIZ224,ADSB,0.0
3b86ff46,1754066272,32.2547,34.61758,5225.0,234.0,0.0,301.0,7436,AIZ224,ADSB,0.0
3b86ff46,1754066275,32.25698,34.61411,5225.0,235.0,0.0,307.0,7436,AIZ224,ADSB,0.0
3b86ff46,1754066279,32.2592,34.61155,5225.0,235.0,0.0,314.0,7436,AIZ224,ADSB,0.0
3b86ff46,1754066281,32.26131,34.60946,5225.0,235.0,0.0,320.0,7436,AIZ224,ADSB,0.0
3b86ff46,1754066285,32.2646,34.60704,5225.0,236.0,64.0,327.0,7436,AIZ224,ADSB,0.0
3b86ff46,1754066288,32.26778,34.60525,5225.0,236.0,64.0,333.0,7436,AIZ224,ADSB,0.0
3b86ff46,1754066291,32.27147,34.60391,5225.0,238.0,64.0,340.0,7436,AIZ224,ADSB,0.0
3b86ff46,1754066294,32.27481,34.60314,5225.0,237.0,64.0,347.0,7436,AIZ224,ADSB,0.0
3b86ff46,1754066297,32.27769,34.60281,5225.0,237.0,0.0,355.0,7436,AIZ224,ADSB,0.0
3b86ff46,1754066299,32.28053,34.60295,5225.0,239.0,0.0,355.0,7436,AIZ224,ADSB,0.0
3b86ff46,1754066302,32.28365,34.60335,5225.0,239.0,0.0,6.0,7436,AIZ224,ADSB,0.0
3b86ff46,1754066306,32.28781,34.60446,5225.0,239.0,-64.0,13.0,7436,AIZ224,ADSB,0.0
3b86ff46,1754066309,32.29106,34.60595,5225.0,240.0,0.0,19.0,7436,AIZ224,ADSB,0.0
3b86ff46,1754066312,32.29413,34.60787,5225.0,242.0,0.0,26.0,7436,AIZ224,ADSB,0.0
3b86ff46,1754066315,32.29697,34.61013,5225.0,241.0,0.0,34.0,7436,AIZ224,ADSB,0.0
3b86ff46,1754066318,32.29999,34.61316,5225.0,241.0,0.0,40.0,7436,AIZ224,ADSB,0.0
3b86ff46,1754066321,32.30159,34.61517,5225.0,241.0,0.0,46.0,7436,AIZ224,ADSB,0.0
3b86ff46,1754066324,32.30371,34.61837,5225.0,240.0,0.0,53.0,7436,AIZ224,ADSB,0.0
3b86ff46,1754066327,32.30585,34.62263,5225.0,241.0,0.0,59.0,7436,AIZ224,ADSB,0.0
3b86ff46,1754066329,32.30672,34.62484,5225.0,240.0,64.0,63.0,7436,AIZ224,ADSB,0.0
3b86ff46,1754066332,32.30795,34.62891,5225.0,240.0,0.0,70.0,7436,AIZ224,ADSB,0.0
3b86ff46,1754066336,32.30874,34.63283,5225.0,240.0,0.0,76.0,7436,AIZ224,ADSB,0.0
3b86ff46,1754066339,32.30914,34.63682,5225.0,240.0,0.0,82.0,7436,AIZ224,ADSB,0.0
3b86ff46,1754066342,32.30912,34.64129,5225.0,240.0,0.0,89.0,7436,AIZ224,ADSB,0.0
3b86ff46,1754066345,32.30874,34.64505,5225.0,239.0,0.0,97.0,7436,AIZ224,ADSB,0.0
3b86ff46,1754066348,32.30786,34.64953,5225.0,238.0,64.0,103.0,7436,AIZ224,ADSB,0.0
3b86ff46,1754066351,32.30713,34.65209,5225.0,237.0,128.0,107.0,7436,AIZ224,ADSB,0.0
3b86ff46,1754066354,32.30595,34.65559,5250.0,237.0,64.0,111.0,7436,AIZ224,ADSB,0.0
3b86ff46,1754066357,32.30451,34.65957,5250.0,236.0,0.0,113.0,7436,AIZ224,ADSB,0.0
3b86ff46,1754066360,32.30316,34.66315,5225.0,235.0,-64.0,113.0,7436,AIZ224,ADSB,0.0
3b86ff46,1754066363,32.30176,34.6668,5225.0,235.0,-64.0,114.0,7436,AIZ224,ADSB,0.0
3b86ff46,1754066366,32.30031,34.67065,5225.0,235.0,-64.0,113.0,7436,AIZ224,ADSB,0.0
3b86ff46,1754066369,32.29903,34.67411,5225.0,235.0,0.0,113.0,7436,AIZ224,ADSB,0.0
3b86ff46,1754066372,32.29785,34.67728,5250.0,235.0,64.0,113.0,7436,AIZ224,ADSB,0.0
3b86ff46,1754066375,32.29673,34.68036,5250.0,237.0,64.0,113.0,7436,AIZ224,ADSB,0.0
3b86ff46,1754066378,32.29524,34.68434,5225.0,241.0,-64.0,113.0,7436,AIZ224,ADSB,0.0
3b86ff46,1754066394,32.28818,34.70405,5225.0,248.0,0.0,112.0,7436,AIZ224,ADSB,0.0
3b86ff46,1754066406,32.28263,34.71999,5225.0,249.0,64.0,112.0,7436,AIZ224,ADSB,0.0
3b86ff46,1754066421,32.27618,34.73866,5225.0,251.0,-64.0,112.0,7436,AIZ224,ADSB,0.0
3b86ff46,1754066436,32.26955,34.75767,5225.0,252.0,0.0,112.0,7436,AIZ224,ADSB,0.0
3b86ff46,1754066449,32.26382,34.77387,5225.0,252.0,-64.0,112.0,7436,AIZ224,ADSB,0.0
3b86ff46,1754066464,32.2571,34.7931,5225.0,253.0,0.0,112.0,7436,AIZ224,ADSB,0.0
3b86ff46,1754066479,32.25111,34.81315,5075.0,256.0,-832.0,106.0,7436,AIZ224,ADSB,0.0
3b86ff46,1754066488,32.24813,34.82492,4975.0,253.0,-960.0,106.0,7436,AIZ224,ADSB,0.0
3b86ff46,1754066491,32.24716,34.8288,4925.0,253.0,-1088.0,106.0,7436,AIZ224,ADSB,0.0
3b86ff46,1754066494,32.24613,34.83299,4875.0,253.0,-1088.0,106.0,7436,AIZ224,ADSB,0.0
3b86ff46,1754066498,32.24501,34.83742,4825.0,252.0,-1024.0,106.0,7436,AIZ224,ADSB,0.0
3b86ff46,1754066504,32.24278,34.84605,4700.0,251.0,-704.0,106.0,7436,AIZ224,ADSB,0.0
3b86ff46,1754066512,32.23994,34.85687,4650.0,247.0,-512.0,107.0,7436,AIZ224,ADSB,0.0
3b86ff46,1754066522,32.23677,34.86904,4550.0,242.0,-576.0,107.0,7436,AIZ224,ADSB,0.0
3b86ff46,1754066531,32.23398,34.87963,4450.0,238.0,-576.0,107.0,7436,AIZ224,ADSB,0.0
3b86ff46,1754066537,32.23198,34.88725,4400.0,235.0,-512.0,107.0,7436,AIZ224,ADSB,0.0
3b86ff46,1754066545,32.22932,34.89751,4325.0,230.0,-512.0,106.0,7436,AIZ224,ADSB,0.0
3b86ff46,1754066555,32.22629,34.90917,4275.0,225.0,-256.0,107.0,7436,AIZ224,ADSB,0.0
3b86ff46,1754066563,32.22364,34.91954,4200.0,226.0,-768.0,106.0,7436,AIZ224,ADSB,0.0
3b86ff46,1754066573,32.22085,34.93036,4050.0,228.0,-960.0,107.0,7436,AIZ224,ADSB,0.0
3b86ff46,1754066581,32.21828,34.94026,3925.0,225.0,-1024.0,106.0,7436,AIZ224,ADSB,0.0
3b86ff46,1754066587,32.21626,34.94795,3825.0,222.0,-768.0,106.0,7436,AIZ224,ADSB,0.0
3b86ff46,1754066597,32.2135,34.9585,3725.0,216.0,-640.0,107.0,7436,AIZ224,ADSB,0.0
3b86ff46,1754066606,32.21104,34.96789,3700.0,205.0,128.0,107.0,7436,AIZ224,ADSB,0.0
3b86ff46,1754066612,32.20912,34.97498,3700.0,201.0,-512.0,108.0,7436,AIZ224,ADSB,0.0
3b86ff46,1754066615,32.20824,34.97766,3650.0,202.0,-704.0,111.0,7436,AIZ224,ADSB,0.0
3b86ff46,1754066618,32.20693,34.98069,3625.0,202.0,-704.0,115.0,7436,AIZ224,ADSB,0.0
3b86ff46,1754066622,32.20507,34.98394,3575.0,201.0,-576.0,124.0,7436,AIZ224,ADSB,0.0
3b86ff46,1754066625,32.20276,34.98673,3550.0,200.0,-512.0,134.0,7436,AIZ224,ADSB,0.0
3b86ff46,1754066628,32.20046,34.98877,3525.0,198.0,-512.0,142.0,7436,AIZ224,ADSB,0.0
3b86ff46,1754066631,32.19851,34.99017,3500.0,198.0,-512.0,147.0,7436,AIZ224,ADSB,0.0
3b86ff46,1754066633,32.1969,34.99096,3475.0,197.0,-448.0,155.0,7436,AIZ224,ADSB,0.0
3b86ff46,1754066636,32.19379,34.992,3450.0,196.0,-448.0,163.0,7436,AIZ224,ADSB,0.0
3b86ff46,1754066639,32.1912,34.99241,3450.0,196.0,-384.0,171.0,7436,AIZ224,ADSB,0.0
3b86ff46,1754066643,32.18806,34.9925,3425.0,195.0,-256.0,178.0,7436,AIZ224,ADSB,0.0
3b86ff46,1754066646,32.18532,34.99223,3400.0,195.0,-192.0,183.0,7436,AIZ224,ADSB,0.0
3b86ff46,1754066648,32.1831,34.99196,3400.0,194.0,-256.0,185.0,7436,AIZ224,ADSB,0.0
3b86ff46,1754066651,32.18026,34.99162,3375.0,195.0,-256.0,185.0,7436,AIZ224,ADSB,0.0
3b86ff46,1754066655,32.17751,34.99129,3375.0,195.0,-320.0,185.0,7436,AIZ224,ADSB,0.0
3b86ff46,1754066658,32.17419,34.99102,3350.0,195.0,-256.0,184.0,7436,AIZ224,ADSB,0.0
3b86ff46,1754066661,32.17159,34.9908,3325.0,196.0,-320.0,183.0,7436,AIZ224,ADSB,0.0
3b86ff46,1754066664,32.16898,34.99068,3325.0,196.0,-256.0,182.0,7436,AIZ224,ADSB,0.0
3b86ff46,1754066667,32.16582,34.99063,3300.0,196.0,-320.0,181.0,7436,AIZ224,ADSB,0.0
3b86ff46,1754066673,32.15996,34.99036,3275.0,195.0,-384.0,183.0,7436,AIZ224,ADSB,0.0
3b86ff46,1754066680,32.15498,34.9891,3225.0,193.0,-320.0,194.0,7436,AIZ224,ADSB,0.0
3b86ff46,1754066683,32.15199,34.98777,3200.0,193.0,-576.0,202.0,7436,AIZ224,ADSB,0.0
3b86ff46,1754066686,32.14935,34.98624,3175.0,193.0,-768.0,206.0,7436,AIZ224,ADSB,0.0
3b86ff46,1754066688,32.14767,34.98518,3150.0,193.0,-832.0,207.0,7436,AIZ224,ADSB,0.0
3b86ff46,1754066691,32.1453,34.98367,3100.0,193.0,-832.0,208.0,7436,AIZ224,ADSB,0.0
3b86ff46,1754066694,32.14348,34.98244,3075.0,194.0,-960.0,209.0,7436,AIZ224,ADSB,0.0
3b86ff46,1754066697,32.14083,34.98075,3025.0,194.0,-896.0,209.0,7436,AIZ224,ADSB,0.0
3b86ff46,1754066701,32.13817,34.97893,2975.0,193.0,-1024.0,209.0,7436,AIZ224,ADSB,0.0
3b86ff46,1754066703,32.13608,34.9775,2925.0,193.0,-1024.0,209.0,7436,AIZ224,ADSB,0.0
3b86ff46,1754066705,32.13441,34.9764,2875.0,193.0,-1024.0,210.0,7436,AIZ224,ADSB,0.0
3b86ff46,1754066708,32.13226,34.97492,2825.0,193.0,-1088.0,210.0,7436,AIZ224,ADSB,0.0
3b86ff46,1754066711,32.12961,34.97311,2775.0,193.0,-1088.0,210.0,7436,AIZ224,ADSB,0.0
3b86ff46,1754066720,32.12281,34.96848,2625.0,193.0,-1152.0,210.0,7436,AIZ224,ADSB,0.0
3b86ff46,1754066729,32.11616,34.96399,2475.0,189.0,-1088.0,209.0,7436,AIZ224,ADSB,0.0
3b86ff46,1754066738,32.10933,34.95937,2325.0,185.0,-960.0,210.0,7436,AIZ224,ADSB,0.0
3b86ff46,1754066747,32.10246,34.95481,2175.0,183.0,-768.0,209.0,7436,AIZ224,ADSB,0.0
3b86ff46,1754066755,32.09711,34.9513,2075.0,176.0,-768.0,209.0,7436,AIZ224,ADSB,0.0
3b86ff46,1754066763,32.09083,34.94723,1950.0,171.0,-896.0,209.0,7436,AIZ224,ADSB,0.0
3b86ff46,1754066770,32.08699,34.94471,1850.0,171.0,-896.0,208.0,7436,AIZ224,ADSB,0.0
3b86ff46,1754066777,32.08154,34.94119,1750.0,162.0,-704.0,208.0,7436,AIZ224,ADSB,0.0
3b86ff46,1754066785,32.07664,34.93806,1650.0,154.0,-960.0,208.0,7436,AIZ224,ADSB,0.0
3b86ff46,1754066794,32.07083,34.93433,1500.0,149.0,-960.0,208.0,7436,AIZ224,ADSB,0.0
3b86ff46,1754066802,32.06616,34.93131,1400.0,146.0,-768.0,209.0,7436,AIZ224,ADSB,0.0
3b86ff46,1754066808,32.06258,34.92896,1325.0,145.0,-768.0,208.0,7436,AIZ224,ADSB,0.0
3b86ff46,1754066816,32.05792,34.92593,1225.0,145.0,-768.0,208.0,7436,AIZ224,ADSB,0.0
3b86ff46,1754066826,32.05225,34.92229,1100.0,141.0,-640.0,208.0,7436,AIZ224,ADSB,0.0
3b86ff46,1754066833,32.04826,34.91966,1025.0,140.0,-768.0,208.0,7436,AIZ224,ADSB,0.0
3b86ff46,1754066840,32.04465,34.91735,950.0,140.0,-704.0,208.0,7436,AIZ224,ADSB,0.0
3b86ff46,1754066848,32.04028,34.91449,850.0,139.0,-704.0,208.0,7436,AIZ224,ADSB,0.0
3b86ff46,1754066855,32.03567,34.91153,750.0,138.0,-704.0,208.0,7436,AIZ224,ADSB,0.0
3b86ff46,1754066862,32.03171,34.909,675.0,138.0,-640.0,209.0,7436,AIZ224,ADSB,0.0
3b86ff46,1754066870,32.02698,34.90593,575.0,138.0,-640.0,208.0,7436,AIZ224,ADSB,0.0
3b86ff46,1754066879,32.02277,34.90317,500.0,139.0,-704.0,208.0,7436,AIZ224,ADSB,0.0
3b86ff46,1754066888,32.01718,34.89961,375.0,139.0,-704.0,209.0,7436,AIZ224,ADSB,0.0
3b86ff46,1754066896,32.01262,34.89667,325.0,136.0,-192.0,208.0,7436,AIZ224,ADSB,0.0
3b86ff46,1754066905,32.00801,34.8937,325.0,115.0,-64.0,209.0,7436,AIZ224,ADSB,0.0
3b86ff46,1754066914,32.00481,34.89162,0.0,72.0,0.0,208.0,7436,AIZ224,ADSB,0.0
3b86ff46,1754066921,32.00343,34.89071,0.0,43.0,0.0,208.0,7436,AIZ224,ADSB,0.0
3b86ff46,1754066930,32.0023,34.88976,0.0,30.0,0.0,225.0,7436,AIZ224,ADSB,0.0
3b86ff46,1754066932,32.00214,34.88955,0.0,28.0,0.0,227.0,7436,AIZ224,ADSB,0.0
3b86ff46,1754066935,32.00185,34.88913,0.0,26.0,0.0,230.0,7436,AIZ224,ADSB,0.0
3b86ff46,1754066937,32.0017,34.88889,0.0,26.0,0.0,233.0,7436,AIZ224,ADSB,0.0
3b86ff46,1754066948,32.00114,34.88783,0.0,17.0,0.0,236.0,7436,AIZ224,ADSB,0.0
3b86ff46,1754066952,32.00146,34.88844,0.0,23.0,0.0,239.0,7436,AIZ224,ADSB,0.0
3b86ff46,1754066955,32.0009,34.88738,0.0,15.0,0.0,239.0,7436,AIZ224,ADSB,0.0
3b86ff46,1754066963,32.00082,34.88681,0.0,12.0,0.0,272.0,7436,AIZ224,ADSB,0.0
3b86ff46,1754066967,32.00092,34.88651,0.0,12.0,0.0,292.0,7436,AIZ224,ADSB,0.0
3b86ff46,1754066979,32.00127,34.88585,0.0,13.0,0.0,300.0,7436,AIZ224,ADSB,0.0
3b86ff46,1754066983,32.00142,34.88556,0.0,14.0,0.0,300.0,7436,AIZ224,ADSB,0.0
3b86ff46,1754066987,32.00158,34.88526,0.0,15.0,0.0,300.0,7436,AIZ224,ADSB,0.0
3b86ff46,1754066992,32.00177,34.8849,0.0,17.0,0.0,300.0,7436,AIZ224,ADSB,0.0
3b86ff46,1754066995,32.00188,34.88466,0.0,18.0,0.0,300.0,7436,AIZ224,ADSB,0.0
3b86ff46,1754067002,32.00214,34.88417,0.0,19.0,0.0,300.0,7436,AIZ224,ADSB,0.0
3b86ff46,1754067010,32.00258,34.88333,0.0,20.0,0.0,300.0,7436,AIZ224,ADSB,0.0
3b86ff46,1754067016,32.00282,34.88287,0.0,21.0,0.0,300.0,7436,AIZ224,ADSB,0.0
3b86ff46,1754067022,32.00328,34.88198,0.0,22.0,0.0,300.0,7436,AIZ224,ADSB,0.0
3b86ff46,1754067031,32.00376,34.88107,0.0,23.0,0.0,300.0,7436,AIZ224,ADSB,0.0
3b86ff46,1754067039,32.00416,34.88029,0.0,20.0,0.0,300.0,7436,AIZ224,ADSB,0.0
3b86ff46,1754067047,32.00446,34.87972,0.0,11.0,0.0,300.0,7436,AIZ224,ADSB,0.0
3b86ff46,1754067053,32.00452,34.87939,0.0,10.0,0.0,278.0,7436,AIZ224,ADSB,0.0
3b86ff46,1754067058,32.00439,34.8791,0.0,12.0,0.0,236.0,7436,AIZ224,ADSB,0.0
3b86ff46,1754067063,32.00415,34.87893,0.0,13.0,0.0,213.0,7436,AIZ224,ADSB,0.0
3b86ff46,1754067069,32.00385,34.87872,0.0,14.0,0.0,210.0,7436,AIZ224,ADSB,0.0
3b86ff46,1754067073,32.00362,34.87855,0.0,15.0,0.0,210.0,7436,AIZ224,ADSB,0.0
3b86ff46,1754067078,32.0033,34.87833,0.0,15.0,0.0,210.0,7436,AIZ224,ADSB,0.0
3b86ff46,1754067086,32.00274,34.87793,0.0,17.0,0.0,210.0,7436,AIZ224,ADSB,0.0
3b86ff46,1754067090,32.00245,34.87772,0.0,18.0,0.0,210.0,7436,AIZ224,ADSB,0.0
3b86ff46,1754067105,32.00132,34.87691,0.0,20.0,0.0,210.0,7436,AIZ224,ADSB,0.0
3b86ff46,1754067116,32.00059,34.87638,0.0,16.0,0.0,210.0,7436,AIZ224,ADSB,0.0
3b86ff46,1754067122,32.00019,34.87611,0.0,13.0,0.0,210.0,7436,AIZ224,ADSB,0.0
3b86ff46,1754067135,31.99964,34.87571,0.0,9.0,0.0,213.0,7436,AIZ224,ADSB,0.0
3b86ff46,1754067156,31.9998,34.87471,0.0,0.0,0.0,300.0,7436,AIZ224,ADSB,0.0
3b86ff46,1754067160,31.99994,34.87445,0.0,0.0,0.0,300.0,7436,AIZ224,ADSB,0.0
3b86ff46,1754067164,32.00004,34.87424,0.0,11.0,0.0,298.0,7436,AIZ224,ADSB,0.0
3b86ff46,1754067169,32.00008,34.87401,0.0,10.0,0.0,284.0,7436,AIZ224,ADSB,0.0
3b86ff46,1754067175,32.0002,34.8737,0.0,10.0,0.0,295.0,7436,AIZ224,ADSB,0.0
3b86ff46,1754067184,32.00046,34.87325,0.0,11.0,0.0,309.0,7436,AIZ224,ADSB,0.0
3b86ff46,1754067189,32.00069,34.87315,0.0,12.0,0.0,334.0,7436,AIZ224,ADSB,0.0
3b86ff46,1754067199,32.00123,34.87281,0.0,13.0,0.0,329.0,7436,AIZ224,ADSB,0.0
3b86ff46,1754067204,32.00146,34.87267,0.0,11.0,0.0,331.0,7436,AIZ224,ADSB,0.0
3b86ff46,1754067220,32.00193,34.87251,0.0,3.0,0.0,2.0,7436,AIZ224,ADSB,0.0
3b86ff46,1754067231,32.00207,34.87272,0.0,5.0,0.0,45.0,7436,AIZ224,ADSB,0.0
3b86ff46,1754067248,32.00221,34.87297,0.0,1.0,0.0,53.0,7436,AIZ224,ADSB,0.0
