flight_id,timestamp,lat,lon,alt,gspeed,vspeed,track,squawk,callsign,source
3ac6c17d,1749788586,32.00736,34.87243,0.0,5.0,0.0,75.0,0,DIR001,ADSB
3ac6c17d,1749788593,32.00741,34.87265,0.0,6.0,0.0,75.0,0,DIR001,ADSB
3ac6c17d,1749788601,32.00747,34.87294,0.0,8.0,0.0,75.0,0,DIR001,ADSB
3ac6c17d,1749788607,32.00767,34.87317,0.0,9.0,0.0,42.0,0,DIR001,ADSB
3ac6c17d,1749788613,32.00788,34.87333,0.0,10.0,0.0,30.0,0,DIR001,ADSB
3ac6c17d,1749788619,32.00812,34.8735,0.0,9.0,0.0,30.0,0,DIR001,ADSB
3ac6c17d,1749788626,32.00827,34.87374,0.0,10.0,0.0,56.0,0,DIR001,ADSB
3ac6c17d,1749788629,32.00827,34.87394,0.0,10.0,0.0,87.0,0,DIR001,ADSB
3ac6c17d,1749788634,32.00818,34.87415,0.0,9.0,0.0,112.0,0,DIR001,ADSB
3ac6c17d,1749788639,32.00807,34.87436,0.0,8.0,0.0,120.0,0,DIR001,ADSB
3ac6c17d,1749788645,32.00795,34.8746,0.0,8.0,0.0,120.0,0,DIR001,ADSB
3ac6c17d,1749788652,32.00779,34.87489,0.0,10.0,0.0,120.0,0,DIR001,ADSB
3ac6c17d,1749788656,32.00768,34.87512,0.0,12.0,0.0,120.0,0,DIR001,ADSB
3ac6c17d,1749788666,32.00737,34.87572,0.0,15.0,0.0,120.0,0,DIR001,ADSB
3ac6c17d,1749788673,32.00707,34.87629,0.0,16.0,0.0,120.0,0,DIR001,ADSB
3ac6c17d,1749788681,32.00676,34.8769,0.0,16.0,0.0,120.0,0,DIR001,ADSB
3ac6c17d,1749788688,32.00647,34.87746,0.0,17.0,0.0,120.0,2216,DIR001,ADSB
3ac6c17d,1749788694,32.0062,34.87798,0.0,17.0,0.0,120.0,2216,DIR001,ADSB
3ac6c17d,1749788702,32.00594,34.87846,0.0,12.0,0.0,120.0,2216,DIR001,ADSB
3ac6c17d,1749788708,32.00582,34.87878,0.0,10.0,0.0,112.0,2216,DIR001,ADSB
3ac6c17d,1749788712,32.00583,34.87901,0.0,10.0,0.0,87.0,2216,DIR001,ADSB
3ac6c17d,1749788716,32.00594,34.87922,0.0,11.0,0.0,59.0,2216,DIR001,ADSB
3ac6c17d,1749788722,32.00619,34.87941,0.0,12.0,0.0,33.0,2216,DIR001,ADSB
3ac6c17d,1749788731,32.00666,34.87976,0.0,15.0,0.0,30.0,2216,DIR001,ADSB
3ac6c17d,1749788735,32.00689,34.87992,0.0,16.0,0.0,30.0,2216,DIR001,ADSB
3ac6c17d,1749788739,32.00715,34.88011,0.0,16.0,0.0,30.0,2216,DIR001,ADSB
3ac6c17d,1749788742,32.0074,34.88027,0.0,17.0,0.0,30.0,2216,DIR001,ADSB
3ac6c17d,1749788746,32.00768,34.88047,0.0,19.0,0.0,30.0,2216,DIR001,ADSB
3ac6c17d,1749788750,32.00799,34.8807,0.0,20.0,0.0,30.0,2216,DIR001,ADSB
3ac6c17d,1749788763,32.00909,34.88149,0.0,18.0,0.0,30.0,2216,DIR001,ADSB
3ac6c17d,1749788771,32.00967,34.8819,0.0,0.0,0.0,30.0,2216,DIR001,ADSB
3ac6c17d,1749788779,32.01036,34.88239,0.0,21.0,0.0,30.0,2216,DIR001,ADSB
3ac6c17d,1749788787,32.01104,34.88288,0.0,22.0,0.0,30.0,2216,DIR001,ADSB
3ac6c17d,1749788795,32.01167,34.88332,0.0,20.0,0.0,33.0,2216,DIR001,ADSB
3ac6c17d,1749788801,32.01212,34.88365,0.0,20.0,0.0,30.0,2216,DIR001,ADSB
3ac6c17d,1749788809,32.01273,34.88416,0.0,21.0,0.0,36.0,2216,DIR001,ADSB
3ac6c17d,1749788813,32.013,34.88442,0.0,21.0,0.0,42.0,2216,DIR001,ADSB
3ac6c17d,1749788815,32.01327,34.88471,0.0,21.0,0.0,45.0,2216,DIR001,ADSB
3ac6c17d,1749788820,32.0136,34.88514,0.0,21.0,0.0,47.0,2216,DIR001,ADSB
3ac6c17d,1749788823,32.01376,34.88538,0.0,21.0,0.0,50.0,2216,DIR001,ADSB
3ac6c17d,1749788825,32.01392,34.88563,0.0,22.0,0.0,53.0,2216,DIR001,ADSB
3ac6c17d,1749788829,32.01416,34.88605,0.0,22.0,0.0,59.0,2216,DIR001,ADSB
3ac6c17d,1749788833,32.01434,34.88638,0.0,22.0,0.0,59.0,2216,DIR001,ADSB
3ac6c17d,1749788835,32.01445,34.88667,0.0,22.0,0.0,61.0,2216,DIR001,ADSB
3ac6c17d,1749788838,32.01458,34.88699,0.0,22.0,0.0,64.0,2216,DIR001,ADSB
3ac6c17d,1749788840,32.01466,34.8872,0.0,22.0,0.0,67.0,2216,DIR001,ADSB
3ac6c17d,1749788842,32.01476,34.88749,0.0,23.0,0.0,70.0,2216,DIR001,ADSB
3ac6c17d,1749788845,32.01481,34.8877,0.0,23.0,0.0,70.0,2216,DIR001,ADSB
3ac6c17d,1749788847,32.01489,34.88802,0.0,23.0,0.0,73.0,2216,DIR001,ADSB
3ac6c17d,1749788849,32.01495,34.88828,0.0,23.0,0.0,75.0,2216,DIR001,ADSB
3ac6c17d,1749788851,32.01501,34.88862,0.0,23.0,0.0,78.0,2216,DIR001,ADSB
3ac6c17d,1749788855,32.01508,34.88905,0.0,23.0,0.0,81.0,2216,DIR001,ADSB
3ac6c17d,1749788857,32.01512,34.88935,0.0,24.0,0.0,81.0,2216,DIR001,ADSB
3ac6c17d,1749788860,32.01515,34.88955,0.0,24.0,0.0,78.0,2216,DIR001,ADSB
3ac6c17d,1749788862,32.01521,34.88994,0.0,24.0,0.0,81.0,2216,DIR001,ADSB
3ac6c17d,1749788864,32.01525,34.89022,0.0,24.0,0.0,78.0,2216,DIR001,ADSB
3ac6c17d,1749788867,32.0153,34.89057,0.0,21.0,0.0,81.0,2216,DIR001,ADSB
3ac6c17d,1749788876,32.01542,34.89138,0.0,15.0,0.0,81.0,2216,DIR001,ADSB
3ac6c17d,1749788882,32.01551,34.89193,0.0,15.0,0.0,78.0,2216,DIR001,ADSB
3ac6c17d,1749788890,32.01558,34.89239,0.0,9.0,0.0,75.0,2216,DIR001,ADSB
3ac6c17d,1749788898,32.01577,34.89262,0.0,8.0,0.0,45.0,2216,DIR001,ADSB
3ac6c17d,1749788903,32.01601,34.89269,0.0,10.0,0.0,11.0,2216,DIR001,ADSB
3ac6c17d,1749788909,32.01625,34.89265,0.0,11.0,0.0,354.0,2216,DIR001,ADSB
3ac6c17d,1749788912,32.0165,34.89259,0.0,12.0,0.0,348.0,2216,DIR001,ADSB
3ac6c17d,1749788916,32.01674,34.89255,0.0,13.0,0.0,348.0,2216,DIR001,ADSB
3ac6c17d,1749788920,32.01695,34.89249,0.0,14.0,0.0,348.0,2216,DIR001,ADSB
3ac6c17d,1749788924,32.01717,34.89245,0.0,13.0,0.0,348.0,2216,DIR001,ADSB
3ac6c17d,1749788928,32.0174,34.8924,0.0,13.0,0.0,348.0,2216,DIR001,ADSB
3ac6c17d,1749788935,32.01767,34.89232,0.0,5.0,0.0,340.0,2216,DIR001,ADSB
3ac6c17d,1749788942,32.01765,34.8921,0.0,5.0,0.0,275.0,2216,DIR001,ADSB
3ac6c17d,1749788950,32.01759,34.89186,0.0,7.0,0.0,258.0,2216,DIR001,ADSB
3ac6c17d,1749788955,32.01756,34.89166,0.0,9.0,0.0,261.0,2216,DIR001,ADSB
3ac6c17d,1749788958,32.01752,34.89136,0.0,18.0,0.0,261.0,2216,DIR001,ADSB
3ac6c17d,1749788960,32.01749,34.89115,0.0,26.0,0.0,258.0,2216,DIR001,ADSB
3ac6c17d,1749788961,32.01745,34.89094,0.0,33.0,0.0,258.0,2216,DIR001,ADSB
3ac6c17d,1749788962,32.0174,34.8906,0.0,44.0,0.0,258.0,2216,DIR001,ADSB
3ac6c17d,1749788963,32.01736,34.89032,0.0,49.0,0.0,258.0,2216,DIR001,ADSB
3ac6c17d,1749788970,32.017,34.88791,0.0,78.0,0.0,258.0,2216,DIR001,ADSB
3ac6c17d,1749788979,32.01625,34.88294,225.0,113.0,64.0,259.0,2216,DIR001,ADSB
3ac6c17d,1749788988,32.01523,34.87638,225.0,150.0,0.0,259.0,2216,DIR001,ADSB
3ac6c17d,1749788994,32.01439,34.87088,200.0,170.0,832.0,259.0,2216,DIR001,ADSB
3ac6c17d,1749789002,32.01332,34.86388,450.0,172.0,2752.0,260.0,2216,DIR001,ADSB
3ac6c17d,1749789008,32.01251,34.85841,725.0,165.0,2560.0,259.0,2216,DIR001,ADSB
3ac6c17d,1749789017,32.0106,34.85233,1175.0,161.0,3072.0,257.0,2216,DIR001,MLAT
3ac6c17d,1749789023,32.00971,34.84677,1450.0,157.0,2880.0,257.0,2216,DIR001,MLAT
3ac6c17d,1749789031,32.00816,34.84012,1800.0,161.0,1856.0,256.0,2216,DIR001,MLAT
3ac6c17d,1749789040,32.00723,34.83233,2025.0,163.0,1728.0,255.0,2216,DIR001,MLAT
3ac6c17d,1749789048,32.00575,34.82516,2300.0,169.0,2112.0,256.0,2216,DIR001,MLAT
3ac6c17d,1749789055,32.00442,34.81821,2575.0,169.0,2368.0,256.0,2216,DIR001,MLAT
3ac6c17d,1749789063,32.00291,34.81076,2925.0,168.0,2496.0,256.0,2216,DIR001,MLAT
3ac6c17d,1749789072,32.00131,34.80383,3250.0,168.0,2176.0,256.0,2216,DIR001,MLAT
3ac6c17d,1749789078,32.00011,34.79849,3425.0,172.0,1472.0,256.0,2216,DIR001,MLAT
3ac6c17d,1749789086,31.99866,34.7906,3600.0,182.0,1152.0,256.0,2216,DIR001,MLAT
3ac6c17d,1749789094,31.99695,34.78236,3775.0,190.0,1280.0,258.0,2216,DIR001,MLAT
3ac6c17d,1749789101,31.99557,34.77572,3925.0,200.0,1280.0,255.0,2216,DIR001,MLAT
3ac6c17d,1749789109,31.99381,34.76686,4075.0,208.0,1024.0,257.0,2216,DIR001,MLAT
3ac6c17d,1749789117,31.99225,34.75721,4175.0,222.0,640.0,259.0,2216,DIR001,MLAT
3ac6c17d,1749789119,31.99205,34.75461,4200.0,226.0,896.0,263.0,2216,DIR001,MLAT
3ac6c17d,1749789122,31.99214,34.75193,4225.0,228.0,1088.0,269.0,2216,DIR001,MLAT
3ac6c17d,1749789124,31.9925,34.7494,4275.0,228.0,1216.0,275.0,2216,DIR001,MLAT
3ac6c17d,1749789126,31.99293,34.74669,4300.0,234.0,1280.0,279.0,2216,DIR001,MLAT
3ac6c17d,1749789128,31.99331,34.74415,4350.0,234.0,1408.0,280.0,2216,DIR001,MLAT
3ac6c17d,1749789130,31.99402,34.74148,4400.0,238.0,1472.0,285.0,2216,DIR001,MLAT
3ac6c17d,1749789132,31.99464,34.73886,4475.0,244.0,1536.0,285.0,2216,DIR001,MLAT
3ac6c17d,1749789134,31.99561,34.73596,4525.0,244.0,1536.0,289.0,2216,DIR001,MLAT
3ac6c17d,1749789136,31.99638,34.73337,4575.0,248.0,1536.0,289.0,2216,DIR001,MLAT
3ac6c17d,1749789139,31.99772,34.72942,4650.0,248.0,1600.0,292.0,2216,DIR001,MLAT
3ac6c17d,1749789141,31.99846,34.72695,4700.0,254.0,1600.0,290.0,2216,DIR001,MLAT
3ac6c17d,1749789144,31.99931,34.72428,4750.0,258.0,1728.0,291.0,2216,DIR001,MLAT
3ac6c17d,1749789146,32.00009,34.72168,4825.0,260.0,1856.0,289.0,2216,DIR001,MLAT
3ac6c17d,1749789148,32.001,34.71894,4875.0,260.0,1984.0,291.0,2216,DIR001,MLAT
3ac6c17d,1749789150,32.00196,34.71628,4950.0,262.0,2176.0,292.0,2216,DIR001,MLAT
3ac6c17d,1749789152,32.00279,34.71347,5025.0,262.0,2304.0,290.0,2216,DIR001,MLAT
3ac6c17d,1749789154,32.00367,34.71065,5100.0,266.0,2496.0,289.0,2216,DIR001,MLAT
3ac6c17d,1749789156,32.00463,34.708,5175.0,268.0,2624.0,291.0,2216,DIR001,MLAT
3ac6c17d,1749789158,32.00562,34.70523,5275.0,268.0,2752.0,292.0,2216,DIR001,MLAT
3ac6c17d,1749789173,32.01227,34.68469,6000.0,274.0,2880.0,290.0,2216,DIR001,MLAT
3ac6c17d,1749789185,32.01781,34.66669,6550.0,276.0,1984.0,289.0,2216,DIR001,MLAT
3ac6c17d,1749789198,32.02332,34.64871,6900.0,276.0,1408.0,289.0,2216,DIR001,MLAT
3ac6c17d,1749789209,32.02646,34.6336,7175.0,276.0,1472.0,280.0,2216,DIR001,MLAT
3ac6c17d,1749789211,32.02677,34.63042,7225.0,276.0,1536.0,278.0,2216,DIR001,MLAT
3ac6c17d,1749789213,32.02707,34.62713,7275.0,278.0,1536.0,276.0,2216,DIR001,MLAT
3ac6c17d,1749789215,32.02727,34.62407,7325.0,278.0,1600.0,275.0,2216,DIR001,MLAT
3ac6c17d,1749789217,32.02747,34.6207,7400.0,278.0,1536.0,274.0,2216,DIR001,MLAT
3ac6c17d,1749789219,32.0276,34.6176,7450.0,278.0,1600.0,273.0,2216,DIR001,MLAT
3ac6c17d,1749789221,32.0278,34.61467,7500.0,278.0,1792.0,274.0,2216,DIR001,MLAT
3ac6c17d,1749789223,32.02801,34.61133,7550.0,278.0,1600.0,274.0,2216,DIR001,MLAT
3ac6c17d,1749789225,32.02815,34.6082,7600.0,280.0,1536.0,273.0,2216,DIR001,MLAT
3ac6c17d,1749789227,32.02836,34.6049,7650.0,280.0,1472.0,274.0,2216,DIR001,MLAT
3ac6c17d,1749789230,32.02859,34.60194,7700.0,282.0,1472.0,274.0,2216,DIR001,MLAT
3ac6c17d,1749789232,32.02877,34.59888,7750.0,282.0,1280.0,274.0,2216,DIR001,MLAT
3ac6c17d,1749789234,32.02893,34.59579,7800.0,282.0,1408.0,273.0,2216,DIR001,MLAT
3ac6c17d,1749789236,32.02907,34.59262,7850.0,284.0,1280.0,273.0,2216,DIR001,MLAT
3ac6c17d,1749789246,32.0318,34.57705,8000.0,288.0,512.0,285.0,2216,DIR001,MLAT
3ac6c17d,1749789248,32.03252,34.57402,8025.0,288.0,448.0,285.0,2216,DIR001,MLAT
3ac6c17d,1749789250,32.03361,34.57141,8050.0,288.0,320.0,290.0,2216,DIR001,MLAT
3ac6c17d,1749789252,32.03503,34.56846,8050.0,290.0,256.0,295.0,2216,DIR001,MLAT
3ac6c17d,1749789254,32.03645,34.56595,8050.0,290.0,192.0,298.0,2216,DIR001,MLAT
3ac6c17d,1749789256,32.03808,34.56276,8075.0,292.0,128.0,299.0,2216,DIR001,MLAT
3ac6c17d,1749789258,32.03979,34.56005,8075.0,292.0,128.0,303.0,2216,DIR001,MLAT
3ac6c17d,1749789260,32.04181,34.55722,8075.0,292.0,64.0,306.0,2216,DIR001,MLAT
3ac6c17d,1749789262,32.04398,34.55503,8075.0,292.0,64.0,310.0,2216,DIR001,MLAT
3ac6c17d,1749789265,32.04631,34.55271,8075.0,294.0,64.0,314.0,2216,DIR001,MLAT
3ac6c17d,1749789267,32.0485,34.55091,8075.0,294.0,128.0,319.0,2216,DIR001,MLAT
3ac6c17d,1749789269,32.05085,34.54913,8100.0,296.0,192.0,323.0,2216,DIR001,MLAT
3ac6c17d,1749789271,32.05327,34.54746,8100.0,296.0,128.0,326.0,2216,DIR001,MLAT
3ac6c17d,1749789273,32.05576,34.54601,8100.0,296.0,64.0,329.0,2216,DIR001,MLAT
3ac6c17d,1749789275,32.05822,34.54438,8100.0,296.0,64.0,330.0,2216,DIR001,MLAT
3ac6c17d,1749789277,32.06068,34.54284,8100.0,296.0,0.0,330.0,2216,DIR001,MLAT
3ac6c17d,1749789279,32.06311,34.54133,8100.0,296.0,-64.0,331.0,2216,DIR001,MLAT
3ac6c17d,1749789281,32.06553,34.53969,8100.0,296.0,-64.0,330.0,2216,DIR001,MLAT
3ac6c17d,1749789283,32.06786,34.53806,8100.0,296.0,-64.0,329.0,2216,DIR001,MLAT
3ac6c17d,1749789285,32.07034,34.5365,8100.0,298.0,-64.0,330.0,2216,DIR001,MLAT
3ac6c17d,1749789287,32.07277,34.53498,8100.0,298.0,-64.0,331.0,2216,DIR001,MLAT
3ac6c17d,1749789289,32.07536,34.53334,8100.0,298.0,-64.0,331.0,2216,DIR001,MLAT
3ac6c17d,1749789291,32.07804,34.53162,8100.0,298.0,-64.0,331.0,2216,DIR001,MLAT
3ac6c17d,1749789293,32.08023,34.53022,8100.0,298.0,-64.0,331.0,2216,DIR001,MLAT
3ac6c17d,1749789295,32.08288,34.52854,8100.0,298.0,0.0,331.0,2216,DIR001,MLAT
3ac6c17d,1749789310,32.10081,34.51758,8100.0,296.0,128.0,332.0,2216,DIR001,MLAT
3ac6c17d,1749789314,32.10725,34.51596,8125.0,296.0,576.0,16.0,2216,DIR001,MLAT
3ac6c17d,1749789316,32.10956,34.51402,8150.0,296.0,768.0,321.0,2216,DIR001,MLAT
3ac6c17d,1749789318,32.11036,34.51032,8175.0,296.0,1024.0,281.0,2216,DIR001,MLAT
3ac6c17d,1749789328,32.12223,34.5038,8425.0,296.0,2304.0,320.0,2216,DIR001,MLAT
3ac6c17d,1749789343,32.14043,34.49154,9150.0,298.0,3328.0,281.0,2216,DIR001,MLAT
3ac6c17d,1749789347,32.14524,34.4883,9375.0,296.0,3392.0,322.0,2216,DIR001,MLAT
3ac6c17d,1749789355,32.15574,34.48213,9800.0,298.0,2752.0,332.0,2216,DIR001,MLAT
3ac6c17d,1749789357,32.15828,34.48059,9900.0,298.0,2688.0,332.0,2216,DIR001,MLAT
3ac6c17d,1749789370,32.1741,34.47011,10475.0,300.0,2048.0,331.0,2216,DIR001,MLAT
3ac6c17d,1749789372,32.17664,34.46848,10525.0,302.0,1856.0,331.0,2216,DIR001,MLAT
3ac6c17d,1749789375,32.17912,34.46684,10600.0,302.0,1600.0,330.0,2216,DIR001,MLAT
3ac6c17d,1749789389,32.19732,34.45547,10875.0,320.0,832.0,332.0,2216,DIR001,MLAT
3ac6c17d,1749789403,32.21629,34.44303,11100.0,338.0,896.0,331.0,2216,DIR001,MLAT
3ac6c17d,1749789416,32.23486,34.43114,11300.0,352.0,768.0,331.0,2216,DIR001,MLAT
3ac6c17d,1749789431,32.25603,34.41745,11525.0,368.0,1408.0,331.0,2216,DIR001,MLAT
3ac6c17d,1749789443,32.27418,34.40538,11925.0,372.0,2368.0,332.0,2216,DIR001,MLAT
3ac6c17d,1749789458,32.29759,34.39047,12500.0,374.0,2304.0,331.0,2216,DIR001,MLAT
3ac6c17d,1749789488,32.34318,34.36051,13250.0,392.0,512.0,312.0,2216,DIR001,MLAT
3ac6c17d,1749789512,32.38308,34.33505,13450.0,412.0,640.0,313.0,2216,DIR001,MLAT
3ac6c17d,1749789516,32.3906,34.33033,13525.0,416.0,960.0,332.0,2216,DIR001,MLAT
3ac6c17d,1749789541,32.43291,34.30298,14125.0,424.0,1472.0,331.0,2216,DIR001,MLAT
3ac6c17d,1749789572,32.4868,34.26759,14775.0,434.0,1024.0,331.0,2216,DIR001,MLAT
3ac6c17d,1749789603,32.54379,34.23454,15625.0,444.0,2048.0,340.0,2216,DIR001,MLAT
3ac6c17d,1749789605,32.54722,34.23341,15700.0,444.0,1920.0,342.0,2216,DIR001,MLAT
3ac6c17d,1749789607,32.55155,34.23224,15750.0,444.0,1728.0,344.0,2216,DIR001,MLAT
3ac6c17d,1749789609,32.55575,34.231,15825.0,446.0,1600.0,345.0,2216,DIR001,MLAT
3ac6c17d,1749789611,32.5601,34.23014,15875.0,446.0,1536.0,347.0,2216,DIR001,MLAT
3ac6c17d,1749789614,32.56435,34.22925,15925.0,448.0,1536.0,348.0,2216,DIR001,MLAT
3ac6c17d,1749789616,32.56868,34.22828,15975.0,448.0,1536.0,348.0,2216,DIR001,MLAT
3ac6c17d,1749789618,32.57287,34.22767,16050.0,450.0,1536.0,350.0,2216,DIR001,MLAT
3ac6c17d,1749789622,32.58458,34.23036,16150.0,450.0,1472.0,21.0,2216,DIR001,MLAT
3ac6c17d,1749789624,32.58617,34.22607,16200.0,450.0,1472.0,350.0,2216,DIR001,MLAT
3ac6c17d,1749789626,32.59079,34.2256,16250.0,452.0,1536.0,353.0,2216,DIR001,MLAT
3ac6c17d,1749789628,32.59517,34.22517,16300.0,452.0,1600.0,354.0,2216,DIR001,MLAT
3ac6c17d,1749789630,32.60008,34.22454,16375.0,452.0,1600.0,354.0,2216,DIR001,MLAT
3ac6c17d,1749789632,32.60368,34.22407,16425.0,452.0,1664.0,353.0,2216,DIR001,MLAT
3ac6c17d,1749789634,32.6081,34.22368,16475.0,452.0,1664.0,355.0,2216,DIR001,MLAT
3ac6c17d,1749789637,32.61327,34.22315,16550.0,452.0,1664.0,354.0,2216,DIR001,MLAT
3ac6c17d,1749789649,32.63903,34.22007,16925.0,452.0,1920.0,354.0,2216,DIR001,MLAT
3ac6c17d,1749789651,32.64321,34.21951,16975.0,452.0,1920.0,353.0,2216,DIR001,MLAT
3ac6c17d,1749789682,32.70801,34.212,17800.0,454.0,1024.0,354.0,2216,DIR001,MLAT
3ac6c17d,1749789713,32.77365,34.2044,18425.0,462.0,1024.0,354.0,2216,DIR001,MLAT
3ac6c17d,1749789745,32.84187,34.19659,19000.0,470.0,1216.0,354.0,2216,DIR001,MLAT
3ac6c17d,1749789776,32.90879,34.18871,20175.0,460.0,3584.0,354.0,2216,DIR001,MLAT
3ac6c17d,1749789807,32.97289,34.18145,22050.0,436.0,2752.0,353.0,2216,DIR001,MLAT
3ac6c17d,1749789838,33.03558,34.17397,22950.0,438.0,1472.0,353.0,2216,DIR001,MLAT
3ac6c17d,1749789870,33.09983,34.16646,23600.0,448.0,1216.0,354.0,2216,DIR001,MLAT
3ac6c17d,1749789903,33.16853,34.15849,24325.0,452.0,1280.0,354.0,2216,DIR001,MLAT
3ac6c17d,1749789933,33.23244,34.15113,24975.0,458.0,1344.0,354.0,2216,DIR001,MLAT
3ac6c17d,1749789964,33.29854,34.14352,25600.0,464.0,1216.0,354.0,2216,DIR001,MLAT
3ac6c17d,1749789995,33.36539,34.13578,26100.0,472.0,1024.0,354.0,2216,DIR001,MLAT
3ac6c17d,1749790026,33.43309,34.12795,26675.0,476.0,1216.0,354.0,2216,DIR001,MLAT
3ac6c17d,1749790057,33.50155,34.11997,27275.0,482.0,1152.0,354.0,2216,DIR001,MLAT
3ac6c17d,1749790088,33.5706,34.11189,27900.0,484.0,1088.0,354.0,2216,DIR001,MLAT
3ac6c17d,1749790119,33.64021,34.10371,28525.0,486.0,896.0,355.0,2216,DIR001,MLAT
3ac6c17d,1749790151,33.71098,34.09577,29025.0,492.0,768.0,355.0,2216,DIR001,MLAT
3ac6c17d,1749790182,33.78242,34.09639,29425.0,506.0,832.0,3.0,2216,DIR001,MLAT
3ac6c17d,1749790201,33.82678,34.10275,29700.0,514.0,1088.0,9.0,2216,DIR001,MLAT
3ac6c17d,1749790213,33.856,34.10965,29950.0,156.0,1344.0,112.0,2216,DIR001,MLAT
3ac6c17d,1749790233,33.9026,34.12198,30425.0,156.0,1536.0,117.0,2216,DIR001,MLAT
3ac6c17d,1749790275,33.99862,34.12824,31475.0,155.0,1216.0,126.0,2216,DIR001,MLAT
3ac6c17d,1749790316,34.09323,34.123,32500.0,154.0,1216.0,136.0,2216,DIR001,MLAT
3ac6c17d,1749790358,34.18695,34.11747,33200.0,155.0,1408.0,146.0,2216,DIR001,MLAT
3ac6c17d,1749790399,34.27992,34.11235,34225.0,155.0,2240.0,155.0,2216,DIR001,MLAT
3ac6c17d,1749790432,34.35427,34.10814,34900.0,482.0,768.0,159.0,2216,DIR001,MLAT
3ac6c17d,1749790474,34.44871,34.10268,35650.0,155.0,1088.0,169.0,2216,DIR001,MLAT
3ac6c17d,1749790496,34.49729,34.09984,36025.0,482.0,832.0,357.0,2216,DIR001,MLAT
3ac6c17d,1749790498,34.5021,34.09953,36075.0,482.0,896.0,357.0,2216,DIR001,MLAT
3ac6c17d,1749790500,34.50644,34.09928,36100.0,483.0,960.0,356.0,2216,DIR001,MLAT
3ac6c17d,1749790502,34.511,34.09893,36125.0,482.0,960.0,356.0,2216,DIR001,MLAT
3ac6c17d,1749790504,34.51611,34.0987,36175.0,481.0,1024.0,357.0,2216,DIR001,MLAT
3ac6c17d,1749790506,34.52073,34.09837,36200.0,478.0,1088.0,357.0,2216,DIR001,MLAT
3ac6c17d,1749790508,34.52525,34.09816,36225.0,480.0,1152.0,357.0,2216,DIR001,MLAT
3ac6c17d,1749790510,34.52977,34.09787,36275.0,479.0,1152.0,356.0,2216,DIR001,MLAT
3ac6c17d,1749790513,34.53426,34.09759,36300.0,481.0,1152.0,357.0,2216,DIR001,MLAT
3ac6c17d,1749790515,34.53907,34.09736,36350.0,479.0,1152.0,357.0,2216,DIR001,MLAT
3ac6c17d,1749790517,34.54354,34.09713,36400.0,484.0,1088.0,357.0,2216,DIR001,MLAT
3ac6c17d,1749790519,34.54804,34.09683,36450.0,481.0,1024.0,357.0,2216,DIR001,MLAT
3ac6c17d,1749790521,34.5526,34.09654,36475.0,478.0,896.0,356.0,2216,DIR001,MLAT
3ac6c17d,1749790523,34.55731,34.09618,36500.0,470.0,832.0,356.0,2216,DIR001,MLAT
3ac6c17d,1749790554,34.62779,34.0923,36825.0,485.0,576.0,357.0,2216,DIR001,MLAT
3ac6c17d,1749790563,34.64738,34.09126,36950.0,510.0,1024.0,323.0,2216,DIR001,MLAT
3ac6c17d,1749790576,34.67367,34.09068,37150.0,178.0,1152.0,99.0,2216,DIR001,MLAT
3ac6c17d,1749790591,34.70673,34.0863,37425.0,200.0,1024.0,304.0,2216,DIR001,MLAT
3ac6c17d,1749790594,34.71485,34.0872,37475.0,498.0,960.0,358.0,2216,DIR001,MLAT
3ac6c17d,1749790606,34.7424,34.08565,37675.0,491.0,896.0,358.0,2216,DIR001,MLAT
3ac6c17d,1749790620,34.77414,34.08375,37900.0,475.0,832.0,357.0,2216,DIR001,MLAT
3ac6c17d,1749790652,34.84274,34.07972,38000.0,479.0,64.0,357.0,2216,DIR001,MLAT
3ac6c17d,1749790683,34.91152,34.07539,38000.0,477.0,0.0,357.0,2216,DIR001,MLAT
3ac6c17d,1749790714,34.981,34.0715,38000.0,479.0,0.0,357.0,2216,DIR001,MLAT
3ac6c17d,1749790746,35.05058,34.06756,38000.0,476.0,0.0,356.0,2216,DIR001,MLAT
3ac6c17d,1749790777,35.1197,34.06329,38000.0,478.0,0.0,357.0,2216,DIR001,MLAT
3ac6c17d,1749790808,35.18937,34.05918,38000.0,482.0,0.0,357.0,2216,DIR001,MLAT
3ac6c17d,1749790840,35.25898,34.05494,38000.0,477.0,64.0,357.0,2216,DIR001,MLAT
3ac6c17d,1749790872,35.32806,34.05078,38025.0,477.0,0.0,356.0,2216,DIR001,MLAT
3ac6c17d,1749790903,35.39667,34.04664,38000.0,474.0,0.0,356.0,2216,DIR001,MLAT
3ac6c17d,1749790935,35.46796,34.04257,38000.0,476.0,0.0,357.0,2216,DIR001,MLAT
3ac6c17d,1749790967,35.53754,34.03835,38000.0,474.0,0.0,357.0,2216,DIR001,MLAT
3ac6c17d,1749790998,35.60603,34.03413,37975.0,477.0,0.0,357.0,2216,DIR001,MLAT
3ac6c17d,1749791029,35.6739,34.03021,38000.0,477.0,64.0,356.0,2216,DIR001,MLAT
3ac6c17d,1749791061,35.74363,34.02626,38000.0,474.0,0.0,357.0,2216,DIR001,MLAT
3ac6c17d,1749791093,35.81413,34.02154,38000.0,466.0,-64.0,355.0,2216,DIR001,MLAT
3ac6c17d,1749791125,35.88097,34.00779,38000.0,468.0,0.0,345.0,2216,DIR001,MLAT
3ac6c17d,1749791129,35.89032,34.00459,38000.0,330.0,0.0,332.0,2216,DIR001,MLAT
3ac6c17d,1749791162,35.95577,33.97802,38000.0,444.0,0.0,336.0,2216,DIR001,MLAT
3ac6c17d,1749791164,35.95988,33.97583,38000.0,447.0,0.0,336.0,2216,DIR001,MLAT
3ac6c17d,1749791195,36.01636,33.93983,38000.0,437.0,64.0,329.0,2216,DIR001,MLAT
3ac6c17d,1749791227,36.07055,33.89925,38025.0,437.0,0.0,328.0,2216,DIR001,MLAT
3ac6c17d,1749791259,36.12526,33.85799,38025.0,438.0,0.0,328.0,2216,DIR001,MLAT
3ac6c17d,1749791291,36.18017,33.81628,38000.0,434.0,0.0,327.0,2216,DIR001,MLAT
3ac6c17d,1749791323,36.23421,33.77528,37975.0,433.0,0.0,328.0,2216,DIR001,MLAT
3ac6c17d,1749791354,36.28791,33.73444,38025.0,432.0,0.0,328.0,2216,DIR001,MLAT
3ac6c17d,1749791386,36.34235,33.69295,38000.0,436.0,-64.0,328.0,2216,DIR001,MLAT
3ac6c17d,1749791417,36.39633,33.65191,37975.0,433.0,0.0,328.0,2216,DIR001,MLAT
3ac6c17d,1749791449,36.45124,33.61,37975.0,435.0,0.0,328.0,2216,DIR001,MLAT
3ac6c17d,1749791481,36.50608,33.56802,38000.0,436.0,64.0,328.0,2216,DIR001,MLAT
3ac6c17d,1749791514,36.56211,33.52485,38000.0,436.0,0.0,328.0,2216,DIR001,MLAT
3ac6c17d,1749791521,36.57335,33.5162,0.0,440.0,0.0,317.0,2216,DIR001,MLAT
3ac6c17d,1749791523,36.57764,33.51276,0.0,175.0,0.0,317.0,2216,DIR001,MLAT
3ac6c17d,1749791525,36.58129,33.51007,0.0,175.0,0.0,317.0,2216,DIR001,MLAT
3ac6c17d,1749791527,36.58498,33.50728,0.0,175.0,0.0,317.0,2216,DIR001,MLAT
3ac6c17d,1749791530,36.59079,33.50273,0.0,175.0,0.0,317.0,2216,DIR001,MLAT
3ac6c17d,1749791539,36.6049,33.49193,38000.0,446.0,0.0,328.0,2216,DIR001,MLAT
3ac6c17d,1749791549,36.62382,33.47742,38025.0,441.0,0.0,327.0,2216,DIR001,MLAT
3ac6c17d,1749791551,36.62705,33.47493,38025.0,438.0,0.0,327.0,2216,DIR001,MLAT
3ac6c17d,1749791553,36.63066,33.47212,38000.0,441.0,0.0,328.0,2216,DIR001,MLAT
3ac6c17d,1749791555,36.63414,33.46947,38000.0,443.0,0.0,328.0,2216,DIR001,MLAT
3ac6c17d,1749791558,36.63788,33.46653,38025.0,440.0,0.0,328.0,2216,DIR001,MLAT
3ac6c17d,1749791560,36.6417,33.46359,38025.0,440.0,0.0,328.0,2216,DIR001,MLAT
3ac6c17d,1749791592,36.69689,33.42102,38000.0,441.0,0.0,327.0,2216,DIR001,MLAT
3ac6c17d,1749791622,36.74999,33.3796,38000.0,442.0,0.0,327.0,2216,DIR001,MLAT
3ac6c17d,1749791654,36.80522,33.33688,38000.0,441.0,0.0,327.0,2216,DIR001,MLAT
3ac6c17d,1749791686,36.85689,33.29039,38000.0,436.0,0.0,320.0,2216,DIR001,MLAT
3ac6c17d,1749791716,36.9017,33.2393,38000.0,430.0,0.0,314.0,2216,DIR001,MLAT
3ac6c17d,1749791748,36.94506,33.18094,38000.0,428.0,0.0,312.0,2216,DIR001,MLAT
3ac6c17d,1749791780,36.98808,33.12247,38000.0,429.0,0.0,312.0,2216,DIR001,MLAT
3ac6c17d,1749791812,37.03095,33.06396,38000.0,430.0,64.0,312.0,2216,DIR001,MLAT
3ac6c17d,1749791844,37.07386,33.00518,38000.0,430.0,0.0,312.0,2216,DIR001,MLAT
3ac6c17d,1749791877,37.11723,32.94603,38000.0,432.0,-64.0,312.0,2216,DIR001,MLAT
3ac6c17d,1749791907,37.15836,32.8896,37975.0,432.0,0.0,312.0,2216,DIR001,MLAT
3ac6c17d,1749791938,37.20024,32.83227,38000.0,432.0,64.0,312.0,2216,DIR001,MLAT
3ac6c17d,1749791971,37.24369,32.7721,38025.0,431.0,0.0,312.0,2216,DIR001,MLAT
3ac6c17d,1749792001,37.28407,32.71629,38025.0,429.0,0.0,312.0,2216,DIR001,MLAT
3ac6c17d,1749792034,37.32774,32.65605,38025.0,427.0,0.0,312.0,2216,DIR001,MLAT
3ac6c17d,1749792064,37.3681,32.59998,38000.0,426.0,-64.0,312.0,2216,DIR001,MLAT
3ac6c17d,1749792095,37.40881,32.54324,38000.0,426.0,0.0,312.0,2216,DIR001,MLAT
3ac6c17d,1749792128,37.45154,32.48386,37975.0,424.0,0.0,311.0,2216,DIR001,MLAT
3ac6c17d,1749792160,37.49394,32.4242,37975.0,424.0,0.0,311.0,2216,DIR001,MLAT
3ac6c17d,1749792193,37.53717,32.36414,37975.0,424.0,0.0,311.0,2216,DIR001,MLAT
3ac6c17d,1749792225,37.57957,32.3046,37975.0,426.0,0.0,312.0,2216,DIR001,MLAT
3ac6c17d,1749792256,37.61998,32.24793,37975.0,427.0,64.0,311.0,2216,DIR001,MLAT
3ac6c17d,1749792289,37.66348,32.18668,38000.0,427.0,0.0,311.0,2216,DIR001,MLAT
3ac6c17d,1749792322,37.70665,32.12604,38000.0,430.0,0.0,311.0,2216,DIR001,MLAT
3ac6c17d,1749792353,37.74906,32.06672,38000.0,430.0,0.0,311.0,2216,DIR001,MLAT
3ac6c17d,1749792384,37.78963,32.00994,38025.0,430.0,0.0,311.0,2216,DIR001,MLAT
3ac6c17d,1749792416,37.83304,31.94904,38000.0,431.0,0.0,311.0,2216,DIR001,MLAT
3ac6c17d,1749792448,37.87564,31.88891,38000.0,432.0,0.0,311.0,2216,DIR001,MLAT
3ac6c17d,1749792480,37.9181,31.82883,38025.0,432.0,0.0,311.0,2216,DIR001,MLAT
3ac6c17d,1749792512,37.96094,31.76825,38025.0,430.0,0.0,311.0,2216,DIR001,MLAT
3ac6c17d,1749792543,38.00151,31.71087,38000.0,431.0,-64.0,311.0,2216,DIR001,MLAT
3ac6c17d,1749792574,38.04277,31.65243,37975.0,432.0,0.0,311.0,2216,DIR001,MLAT
3ac6c17d,1749792606,38.08531,31.5911,38000.0,432.0,64.0,310.0,2216,DIR001,MLAT
3ac6c17d,1749792639,38.12555,31.52736,38000.0,433.0,64.0,310.0,2216,DIR001,MLAT
3ac6c17d,1749792671,38.16838,31.46689,38025.0,434.0,-64.0,312.0,2216,DIR001,MLAT
3ac6c17d,1749792701,38.21087,31.41123,38000.0,441.0,-64.0,319.0,2216,DIR001,MLAT
3ac6c17d,1749792707,38.22095,31.4008,37975.0,444.0,0.0,322.0,2216,DIR001,MLAT
3ac6c17d,1749792709,38.22441,31.39744,37975.0,445.0,0.0,323.0,2216,DIR001,MLAT
3ac6c17d,1749792712,38.22809,31.39395,37975.0,446.0,0.0,323.0,2216,DIR001,MLAT
3ac6c17d,1749792714,38.23208,31.3905,37975.0,447.0,0.0,325.0,2216,DIR001,MLAT
3ac6c17d,1749792716,38.23578,31.38715,37975.0,450.0,0.0,326.0,2216,DIR001,MLAT
3ac6c17d,1749792718,38.23957,31.38399,37975.0,450.0,0.0,327.0,2216,DIR001,MLAT
3ac6c17d,1749792720,38.24341,31.38085,37975.0,450.0,0.0,328.0,2216,DIR001,MLAT
3ac6c17d,1749792723,38.24714,31.378,37975.0,451.0,0.0,328.0,2216,DIR001,MLAT
3ac6c17d,1749792725,38.2516,31.37466,37975.0,453.0,0.0,330.0,2216,DIR001,MLAT
3ac6c17d,1749792727,38.25563,31.37184,37975.0,454.0,64.0,331.0,2216,DIR001,MLAT
3ac6c17d,1749792729,38.25978,31.369,37975.0,454.0,64.0,332.0,2216,DIR001,MLAT
3ac6c17d,1749792732,38.26369,31.36643,37975.0,455.0,64.0,332.0,2216,DIR001,MLAT
3ac6c17d,1749792734,38.26822,31.3635,37975.0,455.0,64.0,332.0,2216,DIR001,MLAT
3ac6c17d,1749792736,38.27155,31.36128,37975.0,456.0,64.0,332.0,2216,DIR001,MLAT
3ac6c17d,1749792738,38.27565,31.35869,37975.0,455.0,64.0,332.0,2216,DIR001,MLAT
3ac6c17d,1749792769,38.33326,31.32055,38000.0,455.0,0.0,332.0,2216,DIR001,MLAT
3ac6c17d,1749792799,38.38966,31.28321,38025.0,455.0,0.0,332.0,2216,DIR001,MLAT
3ac6c17d,1749792831,38.45001,31.24341,38000.0,455.0,0.0,332.0,2216,DIR001,MLAT
3ac6c17d,1749792864,38.51063,31.20303,38000.0,455.0,0.0,332.0,2216,DIR001,MLAT
3ac6c17d,1749792896,38.57106,31.16279,38025.0,454.0,0.0,332.0,2216,DIR001,MLAT
3ac6c17d,1749792928,38.6311,31.12272,38025.0,454.0,0.0,332.0,2216,DIR001,MLAT
3ac6c17d,1749792960,38.68999,31.08331,38025.0,452.0,-64.0,332.0,2216,DIR001,MLAT
3ac6c17d,1749792992,38.7491,31.04385,38000.0,451.0,0.0,332.0,2216,DIR001,MLAT
3ac6c17d,1749793024,38.80773,31.00455,37975.0,453.0,0.0,332.0,2216,DIR001,MLAT
3ac6c17d,1749793056,38.8669,30.96491,38000.0,452.0,0.0,332.0,2216,DIR001,MLAT
3ac6c17d,1749793088,38.92696,30.9241,37975.0,454.0,0.0,332.0,2216,DIR001,MLAT
3ac6c17d,1749793119,38.98523,30.88459,37975.0,455.0,-64.0,332.0,2216,DIR001,MLAT
3ac6c17d,1749793152,39.04602,30.84353,38000.0,457.0,0.0,331.0,2216,DIR001,MLAT
3ac6c17d,1749793184,39.1062,30.80255,38025.0,458.0,64.0,332.0,2216,DIR001,MLAT
3ac6c17d,1749793216,39.16652,30.76147,38025.0,458.0,0.0,332.0,2216,DIR001,MLAT
3ac6c17d,1749793248,39.2272,30.72039,38025.0,458.0,-64.0,332.0,2216,DIR001,MLAT
3ac6c17d,1749793281,39.28711,30.67948,38025.0,458.0,0.0,332.0,2216,DIR001,MLAT
3ac6c17d,1749793313,39.34706,30.63843,38000.0,458.0,0.0,331.0,2216,DIR001,MLAT
3ac6c17d,1749793345,39.40656,30.59786,38000.0,456.0,0.0,331.0,2216,DIR001,MLAT
3ac6c17d,1749793377,39.46685,30.55653,38025.0,456.0,0.0,331.0,2216,DIR001,MLAT
3ac6c17d,1749793410,39.52784,30.51454,38025.0,454.0,0.0,331.0,2216,DIR001,MLAT
3ac6c17d,1749793442,39.58856,30.47734,38000.0,456.0,0.0,335.0,2216,DIR001,MLAT
3ac6c17d,1749793472,39.64596,30.44356,38000.0,455.0,0.0,335.0,2216,DIR001,MLAT
3ac6c17d,1749793504,39.70806,30.40762,37975.0,455.0,0.0,335.0,2216,DIR001,MLAT
3ac6c17d,1749793536,39.77013,30.3711,37975.0,456.0,0.0,335.0,2216,DIR001,MLAT
3ac6c17d,1749793568,39.83141,30.33496,37975.0,458.0,0.0,335.0,2216,DIR001,MLAT
3ac6c17d,1749793600,39.89338,30.29886,38000.0,458.0,64.0,335.0,2216,DIR001,MLAT
3ac6c17d,1749793632,39.95475,30.26271,38025.0,458.0,0.0,335.0,2216,DIR001,MLAT
3ac6c17d,1749793664,40.01609,30.22649,38025.0,456.0,64.0,335.0,2216,DIR001,MLAT
3ac6c17d,1749793695,40.07647,30.19094,38050.0,456.0,0.0,335.0,2216,DIR001,MLAT
3ac6c17d,1749793727,40.13734,30.15507,38025.0,454.0,0.0,335.0,2216,DIR001,MLAT
3ac6c17d,1749793759,40.19833,30.11895,38000.0,451.0,0.0,335.0,2216,DIR001,MLAT
3ac6c17d,1749793790,40.25635,30.08457,38000.0,451.0,0.0,335.0,2216,DIR001,MLAT
3ac6c17d,1749793822,40.31683,30.04826,37975.0,450.0,0.0,335.0,2216,DIR001,MLAT
3ac6c17d,1749793853,40.37703,30.01249,38000.0,448.0,0.0,335.0,2216,DIR001,MLAT
3ac6c17d,1749793885,40.43666,29.97689,38000.0,448.0,0.0,335.0,2216,DIR001,MLAT
3ac6c17d,1749793918,40.49884,29.93974,37975.0,447.0,0.0,335.0,2216,DIR001,MLAT
3ac6c17d,1749793950,40.56061,29.90388,37975.0,448.0,0.0,335.0,2216,DIR001,MLAT
3ac6c17d,1749793981,40.61781,29.86846,37975.0,450.0,0.0,335.0,2216,DIR001,MLAT
3ac6c17d,1749794013,40.67726,29.83304,37975.0,450.0,0.0,335.0,2216,DIR001,MLAT
3ac6c17d,1749794044,40.73745,29.79704,38000.0,451.0,64.0,335.0,2216,DIR001,MLAT
3ac6c17d,1749794076,40.7981,29.76066,38025.0,451.0,0.0,335.0,2216,DIR001,MLAT
3ac6c17d,1749794108,40.8605,29.72476,38025.0,450.0,0.0,335.0,2216,DIR001,MLAT
3ac6c17d,1749794140,40.91863,29.68774,38025.0,450.0,-64.0,335.0,2216,DIR001,MLAT
3ac6c17d,1749794172,40.97874,29.65158,38000.0,450.0,0.0,335.0,2216,DIR001,MLAT
3ac6c17d,1749794204,41.03905,29.61501,38000.0,450.0,0.0,335.0,2216,DIR001,MLAT
3ac6c17d,1749794235,41.09879,29.57876,38000.0,450.0,0.0,335.0,2216,DIR001,MLAT
3ac6c17d,1749794267,41.15818,29.54214,38000.0,450.0,0.0,335.0,2216,DIR001,MLAT
3ac6c17d,1749794299,41.22054,29.5096,38025.0,452.0,64.0,341.0,2216,DIR001,MLAT
3ac6c17d,1749794330,41.28292,29.48495,38025.0,450.0,0.0,343.0,2216,DIR001,MLAT
3ac6c17d,1749794361,41.34576,29.46087,38025.0,448.0,-64.0,343.0,2216,DIR001,MLAT
3ac6c17d,1749794393,41.40868,29.43653,38025.0,447.0,-64.0,343.0,2216,DIR001,MLAT
3ac6c17d,1749794425,41.47148,29.41264,38000.0,446.0,0.0,343.0,2216,DIR001,MLAT
3ac6c17d,1749794456,41.5334,29.389,37975.0,446.0,0.0,343.0,2216,DIR001,MLAT
3ac6c17d,1749794487,41.59565,29.36498,37975.0,446.0,0.0,343.0,2216,DIR001,MLAT
3ac6c17d,1749794519,41.65842,29.3408,37975.0,446.0,0.0,343.0,2216,DIR001,MLAT
3ac6c17d,1749794551,41.72158,29.31649,37975.0,446.0,0.0,343.0,2216,DIR001,MLAT
3ac6c17d,1749794582,41.78421,29.29234,38000.0,448.0,64.0,343.0,2216,DIR001,MLAT
3ac6c17d,1749794614,41.84785,29.26799,38025.0,449.0,0.0,343.0,2216,DIR001,MLAT
3ac6c17d,1749794646,41.9108,29.24334,38025.0,446.0,-64.0,343.0,2216,DIR001,MLAT
3ac6c17d,1749794678,41.97487,29.21862,38000.0,446.0,-64.0,343.0,2216,DIR001,MLAT
3ac6c17d,1749794710,42.03864,29.19419,37975.0,448.0,0.0,343.0,2216,DIR001,MLAT
3ac6c17d,1749794742,42.10133,29.16782,37975.0,448.0,0.0,339.0,2216,DIR001,MLAT
3ac6c17d,1749794775,42.16204,29.13039,38000.0,443.0,64.0,331.0,2216,DIR001,MLAT
3ac6c17d,1749794806,42.21627,29.08306,38000.0,439.0,64.0,323.0,2216,DIR001,MLAT
3ac6c17d,1749794838,42.265,29.02713,38050.0,434.0,0.0,317.0,2216,DIR001,MLAT
3ac6c17d,1749794869,42.31141,28.9707,38050.0,432.0,0.0,317.0,2216,DIR001,MLAT
3ac6c17d,1749794901,42.35861,28.91261,38025.0,430.0,0.0,317.0,2216,DIR001,MLAT
3ac6c17d,1749794932,42.40326,28.85788,38050.0,426.0,64.0,317.0,2216,DIR001,MLAT
3ac6c17d,1749794964,42.44961,28.80076,38025.0,422.0,0.0,317.0,2216,DIR001,MLAT
3ac6c17d,1749794996,42.49585,28.74367,38000.0,420.0,-64.0,317.0,2216,DIR001,MLAT
3ac6c17d,1749795027,42.54055,28.68819,37975.0,418.0,-64.0,317.0,2216,DIR001,MLAT
3ac6c17d,1749795059,42.58531,28.63241,37950.0,416.0,0.0,317.0,2216,DIR001,MLAT
3ac6c17d,1749795091,42.63051,28.57623,37975.0,416.0,64.0,317.0,2216,DIR001,MLAT
3ac6c17d,1749795123,42.67621,28.51939,37975.0,418.0,64.0,317.0,2216,DIR001,MLAT
3ac6c17d,1749795155,42.72126,28.46311,37975.0,418.0,0.0,317.0,2216,DIR001,MLAT
3ac6c17d,1749795186,42.76657,28.40618,37975.0,421.0,-64.0,317.0,2216,DIR001,MLAT
3ac6c17d,1749795217,42.81038,28.35115,37975.0,424.0,64.0,317.0,2216,DIR001,MLAT
3ac6c17d,1749795248,42.85549,28.29453,38000.0,426.0,64.0,317.0,2216,DIR001,MLAT
3ac6c17d,1749795280,42.9017,28.23624,38025.0,426.0,0.0,316.0,2216,DIR001,MLAT
3ac6c17d,1749795311,42.94643,28.17962,38025.0,427.0,0.0,317.0,2216,DIR001,MLAT
3ac6c17d,1749795342,42.99154,28.12263,38025.0,426.0,0.0,316.0,2216,DIR001,MLAT
3ac6c17d,1749795374,43.0371,28.06485,38025.0,426.0,-192.0,317.0,2216,DIR001,MLAT
3ac6c17d,1749795405,43.08257,28.00724,37550.0,423.0,-1024.0,317.0,2216,DIR001,MLAT
3ac6c17d,1749795437,43.12761,27.95024,37075.0,424.0,-960.0,317.0,2216,DIR001,MLAT
3ac6c17d,1749795468,43.17246,27.89286,36550.0,427.0,-1024.0,317.0,2216,DIR001,MLAT
3ac6c17d,1749795500,43.21787,27.83603,36075.0,425.0,-768.0,317.0,2216,DIR001,MLAT
3ac6c17d,1749795531,43.26584,27.77822,35525.0,432.0,-1088.0,320.0,2216,DIR001,MLAT
3ac6c17d,1749795563,43.31479,27.72272,35025.0,433.0,-896.0,320.0,2216,DIR001,MLAT
3ac6c17d,1749795595,43.36308,27.66826,34550.0,429.0,-896.0,320.0,2216,DIR001,MLAT
3ac6c17d,1749795627,43.41196,27.61183,33650.0,428.0,-1920.0,320.0,2216,DIR001,MLAT
3ac6c17d,1749795658,43.45972,27.55685,32600.0,438.0,-2112.0,319.0,2216,DIR001,MLAT
3ac6c17d,1749795690,43.50928,27.49983,31550.0,440.0,-1984.0,320.0,2216,DIR001,MLAT
3ac6c17d,1749795722,43.55939,27.44173,30500.0,446.0,-1984.0,319.0,2216,DIR001,MLAT
3ac6c17d,1749795753,43.6096,27.38379,29450.0,449.0,-1984.0,319.0,2216,DIR001,MLAT
3ac6c17d,1749795785,43.65943,27.3257,28425.0,452.0,-1984.0,319.0,2216,DIR001,MLAT
3ac6c17d,1749795816,43.70979,27.26744,27425.0,450.0,-1984.0,319.0,2216,DIR001,MLAT
3ac6c17d,1749795848,43.75938,27.20922,26425.0,439.0,-1728.0,319.0,2216,DIR001,MLAT
3ac6c17d,1749795879,43.80799,27.1526,25500.0,436.0,-1792.0,319.0,2216,DIR001,MLAT
3ac6c17d,1749795911,43.85618,27.09625,24550.0,430.0,-1728.0,319.0,2216,DIR001,MLAT
3ac6c17d,1749795943,43.90396,27.03968,23800.0,427.0,-1280.0,319.0,2216,DIR001,MLAT
3ac6c17d,1749795974,43.95147,26.98371,23150.0,422.0,-1024.0,319.0,2216,DIR001,MLAT
3ac6c17d,1749796004,43.99391,26.93054,22600.0,416.0,-1536.0,309.0,2216,DIR001,MLAT
3ac6c17d,1749796006,43.99687,26.92577,22550.0,416.0,-1536.0,308.0,2216,DIR001,MLAT
3ac6c17d,1749796008,43.99944,26.92115,22500.0,415.0,-1536.0,306.0,2216,DIR001,MLAT
3ac6c17d,1749796010,44.0018,26.91655,22450.0,416.0,-1472.0,304.0,2216,DIR001,MLAT
3ac6c17d,1749796012,44.00384,26.9122,22400.0,415.0,-1408.0,303.0,2216,DIR001,MLAT
3ac6c17d,1749796015,44.006,26.90753,22350.0,415.0,-1344.0,301.0,2216,DIR001,MLAT
3ac6c17d,1749796017,44.00807,26.90279,22300.0,414.0,-1344.0,301.0,2216,DIR001,MLAT
3ac6c17d,1749796019,44.01019,26.89788,22275.0,414.0,-1280.0,300.0,2216,DIR001,MLAT
3ac6c17d,1749796021,44.01225,26.89335,22200.0,415.0,-1280.0,300.0,2216,DIR001,MLAT
3ac6c17d,1749796023,44.01459,26.88756,22175.0,415.0,-1344.0,300.0,2216,DIR001,MLAT
3ac6c17d,1749796025,44.0165,26.88288,22125.0,414.0,-1344.0,299.0,2216,DIR001,MLAT
3ac6c17d,1749796027,44.0186,26.87804,22075.0,415.0,-1408.0,299.0,2216,DIR001,MLAT
3ac6c17d,1749796030,44.02058,26.87321,22025.0,414.0,-1472.0,299.0,2216,DIR001,MLAT
3ac6c17d,1749796032,44.02267,26.86806,21975.0,414.0,-1472.0,298.0,2216,DIR001,MLAT
3ac6c17d,1749796034,44.02436,26.86345,21925.0,414.0,-1472.0,296.0,2216,DIR001,MLAT
3ac6c17d,1749796036,44.02628,26.85799,21875.0,413.0,-1536.0,295.0,2216,DIR001,MLAT
3ac6c17d,1749796038,44.02804,26.85293,21800.0,414.0,-1536.0,293.0,2216,DIR001,MLAT
3ac6c17d,1749796040,44.02954,26.8481,21775.0,413.0,-1536.0,292.0,2216,DIR001,MLAT
3ac6c17d,1749796042,44.03094,26.8431,21700.0,413.0,-1536.0,290.0,2216,DIR001,MLAT
3ac6c17d,1749796044,44.03247,26.83726,21650.0,413.0,-1536.0,289.0,2216,DIR001,MLAT
3ac6c17d,1749796046,44.03363,26.83257,21600.0,412.0,-1536.0,288.0,2216,DIR001,MLAT
3ac6c17d,1749796048,44.03476,26.82767,21550.0,412.0,-1536.0,286.0,2216,DIR001,MLAT
3ac6c17d,1749796050,44.03592,26.82227,21500.0,412.0,-1472.0,285.0,2216,DIR001,MLAT
3ac6c17d,1749796052,44.03699,26.81693,21450.0,412.0,-1472.0,285.0,2216,DIR001,MLAT
3ac6c17d,1749796055,44.038,26.81186,21400.0,412.0,-1408.0,284.0,2216,DIR001,MLAT
3ac6c17d,1749796057,44.03891,26.80671,21350.0,412.0,-1472.0,284.0,2216,DIR001,MLAT
3ac6c17d,1749796059,44.0398,26.80143,21300.0,410.0,-1472.0,283.0,2216,DIR001,MLAT
3ac6c17d,1749796061,44.04079,26.79569,21250.0,410.0,-1472.0,283.0,2216,DIR001,MLAT
3ac6c17d,1749796063,44.04169,26.79062,21200.0,410.0,-1472.0,283.0,2216,DIR001,MLAT
3ac6c17d,1749796065,44.04258,26.78549,21125.0,409.0,-1472.0,283.0,2216,DIR001,MLAT
3ac6c17d,1749796067,44.04359,26.77966,21075.0,409.0,-1536.0,283.0,2216,DIR001,MLAT
3ac6c17d,1749796099,44.05684,26.69863,20200.0,406.0,-1728.0,282.0,2216,DIR001,MLAT
3ac6c17d,1749796130,44.06995,26.62039,19350.0,402.0,-1664.0,283.0,2216,DIR001,MLAT
3ac6c17d,1749796162,44.08347,26.54097,18475.0,397.0,-1664.0,283.0,2216,DIR001,MLAT
3ac6c17d,1749796193,44.0971,26.46294,17625.0,389.0,-1600.0,283.0,2216,DIR001,MLAT
3ac6c17d,1749796225,44.11029,26.38706,16775.0,386.0,-1664.0,283.0,2216,DIR001,MLAT
3ac6c17d,1749796257,44.12342,26.31047,15875.0,380.0,-1728.0,281.0,2216,DIR001,MLAT
3ac6c17d,1749796288,44.13113,26.23686,15075.0,359.0,-1088.0,277.0,2216,DIR001,MLAT
3ac6c17d,1749796320,44.13738,26.16632,14525.0,335.0,-1152.0,276.0,2216,DIR001,MLAT
3ac6c17d,1749796351,44.1429,26.10064,13450.0,330.0,-3584.0,276.0,2216,DIR001,MLAT
3ac6c17d,1749796383,44.14936,26.03194,11425.0,346.0,-2624.0,277.0,2216,DIR001,MLAT
3ac6c17d,1749796395,44.15554,26.00301,11075.0,331.0,-1408.0,276.0,2216,DIR001,MLAT
3ac6c17d,1749796409,44.15608,25.97601,10575.0,318.0,-2944.0,276.0,2216,DIR001,MLAT
3ac6c17d,1749796422,44.15742,25.95028,9900.0,313.0,-3200.0,277.0,2216,DIR001,MLAT
3ac6c17d,1749796434,44.1592,25.92544,9325.0,309.0,-1728.0,276.0,2216,DIR001,MLAT
3ac6c17d,1749796448,44.16137,25.89961,9000.0,293.0,-1408.0,277.0,2216,DIR001,MLAT
3ac6c17d,1749796460,44.16358,25.87656,8675.0,281.0,-1856.0,278.0,2216,DIR001,MLAT
3ac6c17d,1749796473,44.166,25.85308,8150.0,277.0,-2624.0,279.0,2216,DIR001,MLAT
3ac6c17d,1749796486,44.16852,25.82899,7675.0,279.0,-1792.0,279.0,2216,DIR001,ADSB
3ac6c17d,1749796499,44.1714,25.80637,7325.0,277.0,-1920.0,282.0,2216,DIR001,ADSB
3ac6c17d,1749796503,44.17291,25.79973,7200.0,278.0,-1984.0,289.0,2216,DIR001,ADSB
3ac6c17d,1749796505,44.17406,25.79577,7125.0,278.0,-1856.0,292.0,2216,DIR001,ADSB
3ac6c17d,1749796508,44.17519,25.79256,7050.0,277.0,-1792.0,296.0,2216,DIR001,ADSB
3ac6c17d,1749796510,44.17645,25.78949,7000.0,278.0,-1664.0,299.0,2216,DIR001,ADSB
3ac6c17d,1749796512,44.17826,25.78576,6925.0,278.0,-1600.0,303.0,2216,DIR001,ADSB
3ac6c17d,1749796514,44.18001,25.78268,6875.0,277.0,-1600.0,308.0,2216,DIR001,ADSB
3ac6c17d,1749796516,44.1817,25.78006,6825.0,276.0,-1600.0,312.0,2216,DIR001,ADSB
3ac6c17d,1749796518,44.18371,25.77726,6775.0,276.0,-1600.0,316.0,2216,DIR001,ADSB
3ac6c17d,1749796521,44.186,25.7745,6700.0,275.0,-1536.0,320.0,2216,DIR001,ADSB
3ac6c17d,1749796523,44.18779,25.77252,6650.0,274.0,-1536.0,321.0,2216,DIR001,ADSB
3ac6c17d,1749796525,44.19026,25.76984,6600.0,272.0,-1536.0,323.0,2216,DIR001,ADSB
3ac6c17d,1749796527,44.19283,25.76722,6525.0,272.0,-1472.0,323.0,2216,DIR001,ADSB
3ac6c17d,1749796530,44.19466,25.76542,6500.0,272.0,-1472.0,324.0,2216,DIR001,ADSB
3ac6c17d,1749796532,44.19711,25.76301,6425.0,272.0,-1536.0,325.0,2216,DIR001,ADSB
3ac6c17d,1749796534,44.19887,25.7613,6375.0,271.0,-1536.0,325.0,2216,DIR001,ADSB
3ac6c17d,1749796536,44.20093,25.75932,6325.0,270.0,-1600.0,325.0,2216,DIR001,ADSB
3ac6c17d,1749796538,44.20377,25.75671,6250.0,270.0,-1664.0,325.0,2216,DIR001,ADSB
3ac6c17d,1749796540,44.20573,25.75483,6200.0,270.0,-1792.0,326.0,2216,DIR001,ADSB
3ac6c17d,1749796542,44.20801,25.75269,6150.0,270.0,-1792.0,326.0,2216,DIR001,ADSB
3ac6c17d,1749796544,44.20987,25.75095,6075.0,270.0,-1792.0,326.0,2216,DIR001,ADSB
3ac6c17d,1749796546,44.21255,25.74842,6000.0,270.0,-1856.0,326.0,2216,DIR001,ADSB
3ac6c17d,1749796549,44.21466,25.74653,5950.0,270.0,-1856.0,326.0,2216,DIR001,ADSB
3ac6c17d,1749796561,44.22784,25.7342,5550.0,270.0,-1984.0,326.0,2216,DIR001,ADSB
3ac6c17d,1749796572,44.23915,25.72543,5200.0,272.0,-2176.0,336.0,2216,DIR001,ADSB
3ac6c17d,1749796574,44.24162,25.72408,5125.0,273.0,-2048.0,338.0,2216,DIR001,ADSB
3ac6c17d,1749796576,44.24483,25.72254,5025.0,274.0,-1920.0,341.0,2216,DIR001,ADSB
3ac6c17d,1749796578,44.24702,25.72161,4975.0,274.0,-1728.0,342.0,2216,DIR001,ADSB
3ac6c17d,1749796581,44.25014,25.7203,4900.0,273.0,-1600.0,343.0,2216,DIR001,ADSB
3ac6c17d,1749796583,44.2527,25.71932,4850.0,273.0,-1536.0,345.0,2216,DIR001,ADSB
3ac6c17d,1749796585,44.25502,25.71846,4800.0,272.0,-1472.0,345.0,2216,DIR001,ADSB
3ac6c17d,1749796587,44.25758,25.71752,4750.0,272.0,-1344.0,345.0,2216,DIR001,ADSB
3ac6c17d,1749796589,44.26052,25.71651,4700.0,272.0,-1216.0,345.0,2216,DIR001,ADSB
3ac6c17d,1749796591,44.26308,25.71558,4650.0,270.0,-1152.0,346.0,2216,DIR001,ADSB
3ac6c17d,1749796593,44.26552,25.71481,4625.0,270.0,-1152.0,346.0,2216,DIR001,ADSB
3ac6c17d,1749796596,44.26834,25.71384,4575.0,270.0,-1152.0,346.0,2216,DIR001,ADSB
3ac6c17d,1749796598,44.27137,25.71276,4525.0,270.0,-1088.0,346.0,2216,DIR001,ADSB
3ac6c17d,1749796600,44.27367,25.712,4500.0,270.0,-1088.0,346.0,2216,DIR001,ADSB
3ac6c17d,1749796602,44.27611,25.71116,4450.0,270.0,-1024.0,346.0,2216,DIR001,ADSB
3ac6c17d,1749796604,44.27902,25.71017,4425.0,270.0,-1024.0,346.0,2216,DIR001,ADSB
3ac6c17d,1749796607,44.28122,25.70945,4400.0,270.0,-960.0,346.0,2216,DIR001,ADSB
3ac6c17d,1749796613,44.289,25.70677,4275.0,270.0,-960.0,346.0,2216,DIR001,ADSB
3ac6c17d,1749796621,44.29967,25.7031,4150.0,270.0,-960.0,346.0,2216,DIR001,ADSB
3ac6c17d,1749796630,44.30997,25.69951,4000.0,269.0,-1024.0,346.0,2216,DIR001,ADSB
3ac6c17d,1749796639,44.3199,25.69611,3850.0,268.0,-1024.0,346.0,2216,DIR001,ADSB
3ac6c17d,1749796645,44.32791,25.69329,3750.0,268.0,-1088.0,345.0,2216,DIR001,ADSB
3ac6c17d,1749796654,44.33868,25.68979,3575.0,263.0,-1152.0,348.0,2216,DIR001,ADSB
3ac6c17d,1749796656,44.3411,25.68932,3550.0,264.0,-1152.0,352.0,2216,DIR001,ADSB
3ac6c17d,1749796658,44.34412,25.68892,3500.0,263.0,-960.0,355.0,2216,DIR001,ADSB
3ac6c17d,1749796661,44.34654,25.68891,3475.0,263.0,-832.0,359.0,2216,DIR001,ADSB
3ac6c17d,1749796663,44.3492,25.68911,3450.0,262.0,-704.0,3.0,2216,DIR001,ADSB
3ac6c17d,1749796665,44.35194,25.68963,3425.0,260.0,-640.0,9.0,2216,DIR001,ADSB
3ac6c17d,1749796667,44.35442,25.69035,3400.0,258.0,-576.0,12.0,2216,DIR001,ADSB
3ac6c17d,1749796669,44.3566,25.69119,3375.0,257.0,-512.0,16.0,2216,DIR001,ADSB
3ac6c17d,1749796671,44.35927,25.69251,3375.0,256.0,-448.0,20.0,2216,DIR001,ADSB
3ac6c17d,1749796673,44.36177,25.69407,3350.0,256.0,-448.0,26.0,2216,DIR001,ADSB
3ac6c17d,1749796675,44.36385,25.69565,3350.0,255.0,-384.0,28.0,2216,DIR001,ADSB
3ac6c17d,1749796678,44.36577,25.69729,3325.0,256.0,-384.0,32.0,2216,DIR001,ADSB
3ac6c17d,1749796680,44.36759,25.6991,3325.0,255.0,-256.0,35.0,2216,DIR001,ADSB
3ac6c17d,1749796682,44.36934,25.70108,3300.0,254.0,-128.0,39.0,2216,DIR001,ADSB
3ac6c17d,1749796684,44.37154,25.70376,3300.0,253.0,0.0,42.0,2216,DIR001,ADSB
3ac6c17d,1749796686,44.37359,25.70647,3300.0,254.0,64.0,43.0,2216,DIR001,ADSB
3ac6c17d,1749796688,44.37527,25.70868,3300.0,253.0,0.0,44.0,2216,DIR001,ADSB
3ac6c17d,1749796690,44.37695,25.71095,3300.0,253.0,-64.0,44.0,2216,DIR001,ADSB
3ac6c17d,1749796692,44.37872,25.71343,3300.0,253.0,-64.0,45.0,2216,DIR001,ADSB
3ac6c17d,1749796695,44.38044,25.71585,3300.0,253.0,-128.0,45.0,2216,DIR001,ADSB
3ac6c17d,1749796697,44.38216,25.71828,3300.0,252.0,-192.0,45.0,2216,DIR001,ADSB
3ac6c17d,1749796699,44.38422,25.72122,3275.0,253.0,-192.0,45.0,2216,DIR001,ADSB
3ac6c17d,1749796701,44.38582,25.72351,3275.0,252.0,-256.0,45.0,2216,DIR001,ADSB
3ac6c17d,1749796703,44.38788,25.72645,3250.0,252.0,-256.0,45.0,2216,DIR001,ADSB
3ac6c17d,1749796705,44.38939,25.72867,3250.0,252.0,-320.0,45.0,2216,DIR001,ADSB
3ac6c17d,1749796708,44.39136,25.73149,3225.0,251.0,-320.0,45.0,2216,DIR001,ADSB
3ac6c17d,1749796710,44.39296,25.7338,3225.0,251.0,-320.0,45.0,2216,DIR001,ADSB
3ac6c17d,1749796719,44.39994,25.74385,3175.0,251.0,-320.0,45.0,2216,DIR001,ADSB
3ac6c17d,1749796725,44.40525,25.75155,3150.0,250.0,-320.0,45.0,2216,DIR001,ADSB
3ac6c17d,1749796734,44.41209,25.7614,3100.0,250.0,-256.0,45.0,2216,DIR001,ADSB
3ac6c17d,1749796742,44.41912,25.77158,3050.0,245.0,-384.0,46.0,2216,DIR001,ADSB
3ac6c17d,1749796750,44.42496,25.77994,3000.0,240.0,-384.0,45.0,2216,DIR001,ADSB
3ac6c17d,1749796756,44.42945,25.78645,2975.0,234.0,-256.0,46.0,2216,DIR001,ADSB
3ac6c17d,1749796760,44.43283,25.79191,2950.0,234.0,-384.0,50.0,2216,DIR001,ADSB
3ac6c17d,1749796763,44.43402,25.79426,2950.0,233.0,-320.0,54.0,2216,DIR001,ADSB
3ac6c17d,1749796765,44.43539,25.79727,2925.0,231.0,-256.0,58.0,2216,DIR001,ADSB
3ac6c17d,1749796767,44.43658,25.80012,2925.0,230.0,-256.0,60.0,2216,DIR001,ADSB
3ac6c17d,1749796769,44.43774,25.80313,2925.0,229.0,-192.0,62.0,2216,DIR001,ADSB
3ac6c17d,1749796772,44.43867,25.80575,2900.0,228.0,-128.0,63.0,2216,DIR001,ADSB
3ac6c17d,1749796774,44.43965,25.80856,2900.0,228.0,-128.0,64.0,2216,DIR001,ADSB
3ac6c17d,1749796776,44.44061,25.81133,2900.0,227.0,-128.0,65.0,2216,DIR001,ADSB
3ac6c17d,1749796778,44.44167,25.81467,2900.0,226.0,-128.0,65.0,2216,DIR001,ADSB
3ac6c17d,1749796780,44.4424,25.81696,2900.0,225.0,-128.0,66.0,2216,DIR001,ADSB
3ac6c17d,1749796782,44.44327,25.81977,2900.0,226.0,-128.0,66.0,2216,DIR001,ADSB
3ac6c17d,1749796784,44.44414,25.82271,2875.0,225.0,-192.0,67.0,2216,DIR001,ADSB
3ac6c17d,1749796786,44.4451,25.82611,2875.0,225.0,-192.0,68.0,2216,DIR001,ADSB
3ac6c17d,1749796788,44.44589,25.82912,2875.0,224.0,-192.0,69.0,2216,DIR001,ADSB
3ac6c17d,1749796790,44.4465,25.83127,2850.0,226.0,-192.0,69.0,2216,DIR001,ADSB
3ac6c17d,1749796792,44.44724,25.83415,2850.0,226.0,-256.0,70.0,2216,DIR001,ADSB
3ac6c17d,1749796795,44.44798,25.83716,2850.0,224.0,-256.0,70.0,2216,DIR001,ADSB
3ac6c17d,1749796797,44.44878,25.84031,2825.0,224.0,-256.0,71.0,2216,DIR001,ADSB
3ac6c17d,1749796799,44.44943,25.84326,2825.0,225.0,-256.0,71.0,2216,DIR001,ADSB
3ac6c17d,1749796801,44.45008,25.84601,2825.0,225.0,-256.0,72.0,2216,DIR001,ADSB
3ac6c17d,1749796803,44.45068,25.8488,2800.0,224.0,-256.0,72.0,2216,DIR001,ADSB
3ac6c17d,1749796805,44.45123,25.85129,2800.0,224.0,-256.0,73.0,2216,DIR001,ADSB
3ac6c17d,1749796807,44.45189,25.85431,2775.0,225.0,-256.0,73.0,2216,DIR001,ADSB
3ac6c17d,1749796809,44.45256,25.8577,2775.0,224.0,-256.0,73.0,2216,DIR001,ADSB
3ac6c17d,1749796811,44.45316,25.86044,2775.0,224.0,-320.0,73.0,2216,DIR001,ADSB
3ac6c17d,1749796814,44.45385,25.86383,2750.0,223.0,-384.0,73.0,2216,DIR001,ADSB
3ac6c17d,1749796816,44.45441,25.86657,2725.0,222.0,-448.0,73.0,2216,DIR001,ADSB
3ac6c17d,1749796822,44.45622,25.87542,2675.0,218.0,-384.0,74.0,2216,DIR001,ADSB
3ac6c17d,1749796831,44.45846,25.88654,2650.0,211.0,-320.0,74.0,2216,DIR001,ADSB
3ac6c17d,1749796837,44.46016,25.89497,2625.0,206.0,-256.0,74.0,2216,DIR001,ADSB
3ac6c17d,1749796845,44.46237,25.90576,2575.0,199.0,-192.0,74.0,2216,DIR001,ADSB
3ac6c17d,1749796854,44.46442,25.91544,2600.0,186.0,-128.0,73.0,2216,DIR001,ADSB
3ac6c17d,1749796862,44.46642,25.92505,2500.0,184.0,-1280.0,73.0,2216,DIR001,ADSB
3ac6c17d,1749796870,44.46842,25.9347,2325.0,184.0,-1216.0,73.0,2216,DIR001,ADSB
3ac6c17d,1749796879,44.47028,25.94369,2150.0,183.0,-1024.0,73.0,2216,DIR001,ADSB
3ac6c17d,1749796885,44.47182,25.95105,2075.0,175.0,-832.0,73.0,2216,DIR001,ADSB
3ac6c17d,1749796893,44.47363,25.95975,1975.0,166.0,-768.0,73.0,2216,DIR001,ADSB
3ac6c17d,1749796902,44.4754,25.9682,1850.0,157.0,-704.0,73.0,2216,DIR001,ADSB
3ac6c17d,1749796908,44.47664,25.97403,1775.0,151.0,-832.0,73.0,2216,DIR001,ADSB
3ac6c17d,1749796916,44.47824,25.98166,1650.0,144.0,-704.0,73.0,2216,DIR001,ADSB
3ac6c17d,1749796925,44.47975,25.98888,1550.0,135.0,-832.0,73.0,2216,DIR001,ADSB
3ac6c17d,1749796933,44.48122,25.99588,1450.0,131.0,-832.0,74.0,2216,DIR001,ADSB
3ac6c17d,1749796939,44.48218,26.00045,1375.0,129.0,-768.0,73.0,2216,DIR001,ADSB
3ac6c17d,1749796947,44.4836,26.00732,1275.0,125.0,-704.0,73.0,2216,DIR001,ADSB
3ac6c17d,1749796954,44.48456,26.01203,1225.0,126.0,-576.0,74.0,2216,DIR001,ADSB
3ac6c17d,1749796962,44.48589,26.0185,1125.0,124.0,-704.0,73.0,2216,DIR001,ADSB
3ac6c17d,1749796970,44.48727,26.02494,1025.0,122.0,-576.0,73.0,2216,DIR001,ADSB
3ac6c17d,1749796978,44.48849,26.03119,950.0,122.0,-704.0,74.0,2216,DIR001,ADSB
3ac6c17d,1749796987,44.48979,26.0374,875.0,120.0,-704.0,74.0,2216,DIR001,ADSB
3ac6c17d,1749796993,44.49072,26.04195,800.0,121.0,-704.0,74.0,2216,DIR001,ADSB
3ac6c17d,1749797001,44.49202,26.04813,725.0,121.0,-704.0,73.0,2216,DIR001,ADSB
3ac6c17d,1749797009,44.49328,26.05421,625.0,120.0,-832.0,74.0,2216,DIR001,ADSB
3ac6c17d,1749797017,44.49454,26.06035,525.0,120.0,-640.0,73.0,2216,DIR001,ADSB
3ac6c17d,1749797026,44.49577,26.06637,450.0,122.0,-704.0,73.0,2216,DIR001,ADSB
3ac6c17d,1749797034,44.4971,26.07265,350.0,120.0,-576.0,73.0,2216,DIR001,ADSB
3ac6c17d,1749797040,44.49806,26.07729,275.0,122.0,-704.0,73.0,2216,DIR001,ADSB
3ac6c17d,1749797048,44.49939,26.08383,175.0,122.0,-576.0,73.0,2216,DIR001,ADSB
3ac6c17d,1749797059,44.50105,26.09179,100.0,119.0,-64.0,73.0,2216,DIR001,ADSB
3ac6c17d,1749797086,44.50315,26.10203,0.0,34.0,0.0,73.0,2216,DIR001,ADSB
3ac6c17d,1749797093,44.50337,26.10306,0.0,19.0,0.0,73.0,2216,DIR001,ADSB
3ac6c17d,1749797102,44.50343,26.10392,0.0,0.0,0.0,101.0,2216,DIR001,ADSB
3ac6c17d,1749797107,44.5033,26.10412,0.0,12.0,0.0,129.0,2216,DIR001,ADSB
3ac6c17d,1749797112,44.50295,26.1043,0.0,13.0,0.0,163.0,2216,DIR001,ADSB
3ac6c17d,1749797123,44.50232,26.1045,0.0,14.0,0.0,171.0,2216,DIR001,ADSB
3ac6c17d,1749797139,44.50158,26.10353,0.0,0.0,0.0,253.0,2216,DIR001,ADSB
3ac6c17d,1749797143,44.50151,26.1032,0.0,15.0,0.0,253.0,2216,DIR001,ADSB
3ac6c17d,1749797164,44.50109,26.10115,0.0,0.0,0.0,253.0,2216,DIR001,ADSB
3ac6c17d,1749797173,44.5009,26.10023,0.0,17.0,0.0,253.0,2216,DIR001,ADSB
3ac6c17d,1749797179,44.50075,26.09951,0.0,16.0,0.0,253.0,2216,DIR001,ADSB
3ac6c17d,1749797187,44.50058,26.09869,0.0,17.0,0.0,253.0,2216,DIR001,ADSB
3ac6c17d,1749797202,44.50023,26.09698,0.0,18.0,0.0,253.0,2216,DIR001,ADSB
3ac6c17d,1749797210,44.50013,26.09647,0.0,0.0,0.0,253.0,2216,DIR001,ADSB
3ac6c17d,1749797226,44.49973,26.09462,0.0,0.0,0.0,253.0,2216,DIR001,ADSB
3ac6c17d,1749797238,44.49953,26.09364,0.0,13.0,0.0,253.0,2216,DIR001,ADSB
3ac6c17d,1749797245,44.49946,26.0933,0.0,14.0,0.0,253.0,2216,DIR001,ADSB
3ac6c17d,1749797266,44.499,26.09109,0.0,0.0,0.0,253.0,2216,DIR001,ADSB
3ac6c17d,1749797274,44.49882,26.09017,0.0,17.0,0.0,253.0,2216,DIR001,ADSB
3ac6c17d,1749797282,44.49861,26.08916,0.0,17.0,0.0,253.0,2216,DIR001,ADSB
3ac6c17d,1749797289,44.49844,26.08831,0.0,18.0,0.0,253.0,2216,DIR001,ADSB
3ac6c17d,1749797298,44.49824,26.08734,0.0,17.0,0.0,253.0,2216,DIR001,ADSB
3ac6c17d,1749797309,44.49803,26.0864,0.0,13.0,0.0,253.0,2216,DIR001,ADSB
3ac6c17d,1749797316,44.49799,26.08618,0.0,13.0,0.0,253.0,2216,DIR001,ADSB
3ac6c17d,1749797324,44.49781,26.08529,0.0,10.0,0.0,253.0,2216,DIR001,ADSB
3ac6c17d,1749797331,44.49772,26.08488,0.0,7.0,0.0,255.0,2216,DIR001,ADSB
3ac6c17d,1749797339,44.49759,26.08458,0.0,7.0,0.0,233.0,2216,DIR001,ADSB
3ac6c17d,1749797347,44.4973,26.0845,0.0,7.0,0.0,194.0,2216,DIR001,ADSB
3ac6c17d,1749797357,44.497,26.08442,0.0,8.0,0.0,191.0,2216,DIR001,ADSB
3ac6c17d,1749797365,44.49679,26.08457,0.0,7.0,0.0,149.0,2216,DIR001,ADSB
3ac6c17d,1749797369,44.49673,26.08478,0.0,7.0,0.0,115.0,2216,DIR001,ADSB
3ac6c17d,1749797374,44.49675,26.08501,0.0,8.0,0.0,95.0,2216,DIR001,ADSB
3ac6c17d,1749797378,44.49679,26.08524,0.0,9.0,0.0,78.0,2216,DIR001,ADSB
3ac6c17d,1749797382,44.49683,26.08545,0.0,9.0,0.0,75.0,2216,DIR001,ADSB
3ac6c17d,1749797388,44.4969,26.08576,0.0,10.0,0.0,73.0,2216,DIR001,ADSB
3ac6c17d,1749797391,44.49693,26.08597,0.0,11.0,0.0,73.0,2216,DIR001,ADSB
3ac6c17d,1749797394,44.49698,26.0862,0.0,9.0,0.0,73.0,2216,DIR001,ADSB
3ac6c17d,1749797399,44.49702,26.08641,0.0,8.0,0.0,73.0,2216,DIR001,ADSB
3ac6c17d,1749797407,44.4971,26.08673,0.0,6.0,0.0,73.0,2216,DIR001,ADSB
3ac6c17d,1749797413,44.49712,26.087,0.0,4.0,0.0,81.0,2216,DIR001,ADSB
3ac6c17d,1749797426,44.49689,26.0871,0.0,5.0,0.0,160.0,2216,DIR001,ADSB
3ac6c17d,1749797437,44.49667,26.08717,0.0,3.0,0.0,163.0,2216,DIR001,ADSB
